2024-11-10T21:17:23.794464Z  INFO ThreadId(01) HEMTT 1.13.5 is available, please update
2024-11-10T21:17:23.794517Z TRACE ThreadId(01) HEMTT is installed at: C:\Users\heads\AppData\Local\Microsoft\WinGet\Packages\BrettMayson.HEMTT_Microsoft.Winget.Source_8wekyb3d8bbwe\hemtt.exe
2024-11-10T21:17:23.794527Z TRACE ThreadId(01) version: 1.13.3
2024-11-10T21:17:23.794530Z TRACE ThreadId(01) platform: windows
2024-11-10T21:17:23.794536Z TRACE ThreadId(01) args: [
    "C:\\Users\\heads\\AppData\\Local\\Microsoft\\WinGet\\Packages\\BrettMayson.HEMTT_Microsoft.Winget.Source_8wekyb3d8bbwe\\hemtt.exe",
    "build",
]
2024-11-10T21:17:23.798169Z TRACE ThreadId(01) using temporary folder: "C:\\Users\\heads\\AppData\\Local\\Temp\\hemtt\\dev_TMF"
2024-11-10T21:17:23.798183Z TRACE ThreadId(01) using project folder: "G:\\dev\\TMF"
2024-11-10T21:17:23.798186Z TRACE ThreadId(01) using out folder: "G:\\dev\\TMF\\.hemttout"
2024-11-10T21:17:23.798466Z TRACE ThreadId(01) using build folder: "G:\\dev\\TMF\\.hemttout\\build"
2024-11-10T21:17:23.810474Z TRACE ThreadId(01) Prefix: VfsPath { path: "/addons/teamcolour/$PBOPREFIX$", fs: VFS { fs: OverlayFS { layers: [VfsPath { path: "", fs: VFS { fs: In Memory File System } }, VfsPath { path: "", fs: VFS { fs: AltrootFS { root: VfsPath { path: "", fs: VFS { fs: PhysicalFS { root: "G:\\dev\\TMF\\include" } } } } } }, VfsPath { path: "", fs: VFS { fs: AltrootFS { root: VfsPath { path: "", fs: VFS { fs: PhysicalFS { root: "C:\\Users\\heads\\AppData\\Local\\Temp\\hemtt\\dev_TMF\\output" } } } } } }, VfsPath { path: "", fs: VFS { fs: AltrootFS { root: VfsPath { path: "", fs: VFS { fs: PhysicalFS { root: "G:\\dev\\TMF" } } } } } }] } } }
2024-11-10T21:17:23.811332Z TRACE ThreadId(01) config.cpp: VfsPath { path: "/addons/teamcolour/config.cpp", fs: VFS { fs: OverlayFS { layers: [VfsPath { path: "", fs: VFS { fs: In Memory File System } }, VfsPath { path: "", fs: VFS { fs: AltrootFS { root: VfsPath { path: "", fs: VFS { fs: PhysicalFS { root: "G:\\dev\\TMF\\include" } } } } } }, VfsPath { path: "", fs: VFS { fs: AltrootFS { root: VfsPath { path: "", fs: VFS { fs: PhysicalFS { root: "C:\\Users\\heads\\AppData\\Local\\Temp\\hemtt\\dev_TMF\\output" } } } } } }, VfsPath { path: "", fs: VFS { fs: AltrootFS { root: VfsPath { path: "", fs: VFS { fs: PhysicalFS { root: "G:\\dev\\TMF" } } } } } }] } } }
2024-11-10T21:17:23.812004Z TRACE ThreadId(01) Prefix: VfsPath { path: "/addons/marker/$PBOPREFIX$", fs: VFS { fs: OverlayFS { layers: [VfsPath { path: "", fs: VFS { fs: In Memory File System } }, VfsPath { path: "", fs: VFS { fs: AltrootFS { root: VfsPath { path: "", fs: VFS { fs: PhysicalFS { root: "G:\\dev\\TMF\\include" } } } } } }, VfsPath { path: "", fs: VFS { fs: AltrootFS { root: VfsPath { path: "", fs: VFS { fs: PhysicalFS { root: "C:\\Users\\heads\\AppData\\Local\\Temp\\hemtt\\dev_TMF\\output" } } } } } }, VfsPath { path: "", fs: VFS { fs: AltrootFS { root: VfsPath { path: "", fs: VFS { fs: PhysicalFS { root: "G:\\dev\\TMF" } } } } } }] } } }
2024-11-10T21:17:23.812549Z TRACE ThreadId(01) config.cpp: VfsPath { path: "/addons/marker/config.cpp", fs: VFS { fs: OverlayFS { layers: [VfsPath { path: "", fs: VFS { fs: In Memory File System } }, VfsPath { path: "", fs: VFS { fs: AltrootFS { root: VfsPath { path: "", fs: VFS { fs: PhysicalFS { root: "G:\\dev\\TMF\\include" } } } } } }, VfsPath { path: "", fs: VFS { fs: AltrootFS { root: VfsPath { path: "", fs: VFS { fs: PhysicalFS { root: "C:\\Users\\heads\\AppData\\Local\\Temp\\hemtt\\dev_TMF\\output" } } } } } }, VfsPath { path: "", fs: VFS { fs: AltrootFS { root: VfsPath { path: "", fs: VFS { fs: PhysicalFS { root: "G:\\dev\\TMF" } } } } } }] } } }
2024-11-10T21:17:23.816059Z TRACE ThreadId(01) config.cpp: VfsPath { path: "/addons/orbat/config.cpp", fs: VFS { fs: OverlayFS { layers: [VfsPath { path: "", fs: VFS { fs: In Memory File System } }, VfsPath { path: "", fs: VFS { fs: AltrootFS { root: VfsPath { path: "", fs: VFS { fs: PhysicalFS { root: "G:\\dev\\TMF\\include" } } } } } }, VfsPath { path: "", fs: VFS { fs: AltrootFS { root: VfsPath { path: "", fs: VFS { fs: PhysicalFS { root: "C:\\Users\\heads\\AppData\\Local\\Temp\\hemtt\\dev_TMF\\output" } } } } } }, VfsPath { path: "", fs: VFS { fs: AltrootFS { root: VfsPath { path: "", fs: VFS { fs: PhysicalFS { root: "G:\\dev\\TMF" } } } } } }] } } }
2024-11-10T21:17:23.816227Z TRACE ThreadId(01) Prefix: VfsPath { path: "/addons/orbat/$PBOPREFIX$", fs: VFS { fs: OverlayFS { layers: [VfsPath { path: "", fs: VFS { fs: In Memory File System } }, VfsPath { path: "", fs: VFS { fs: AltrootFS { root: VfsPath { path: "", fs: VFS { fs: PhysicalFS { root: "G:\\dev\\TMF\\include" } } } } } }, VfsPath { path: "", fs: VFS { fs: AltrootFS { root: VfsPath { path: "", fs: VFS { fs: PhysicalFS { root: "C:\\Users\\heads\\AppData\\Local\\Temp\\hemtt\\dev_TMF\\output" } } } } } }, VfsPath { path: "", fs: VFS { fs: AltrootFS { root: VfsPath { path: "", fs: VFS { fs: PhysicalFS { root: "G:\\dev\\TMF" } } } } } }] } } }
2024-11-10T21:17:23.892107Z TRACE ThreadId(01) config.cpp: VfsPath { path: "/addons/modules/config.cpp", fs: VFS { fs: OverlayFS { layers: [VfsPath { path: "", fs: VFS { fs: In Memory File System } }, VfsPath { path: "", fs: VFS { fs: AltrootFS { root: VfsPath { path: "", fs: VFS { fs: PhysicalFS { root: "G:\\dev\\TMF\\include" } } } } } }, VfsPath { path: "", fs: VFS { fs: AltrootFS { root: VfsPath { path: "", fs: VFS { fs: PhysicalFS { root: "C:\\Users\\heads\\AppData\\Local\\Temp\\hemtt\\dev_TMF\\output" } } } } } }, VfsPath { path: "", fs: VFS { fs: AltrootFS { root: VfsPath { path: "", fs: VFS { fs: PhysicalFS { root: "G:\\dev\\TMF" } } } } } }] } } }
2024-11-10T21:17:23.893198Z TRACE ThreadId(01) Prefix: VfsPath { path: "/addons/modules/$PBOPREFIX$", fs: VFS { fs: OverlayFS { layers: [VfsPath { path: "", fs: VFS { fs: In Memory File System } }, VfsPath { path: "", fs: VFS { fs: AltrootFS { root: VfsPath { path: "", fs: VFS { fs: PhysicalFS { root: "G:\\dev\\TMF\\include" } } } } } }, VfsPath { path: "", fs: VFS { fs: AltrootFS { root: VfsPath { path: "", fs: VFS { fs: PhysicalFS { root: "C:\\Users\\heads\\AppData\\Local\\Temp\\hemtt\\dev_TMF\\output" } } } } } }, VfsPath { path: "", fs: VFS { fs: AltrootFS { root: VfsPath { path: "", fs: VFS { fs: PhysicalFS { root: "G:\\dev\\TMF" } } } } } }] } } }
2024-11-10T21:17:23.896008Z TRACE ThreadId(01) config.cpp: VfsPath { path: "/addons/chat/config.cpp", fs: VFS { fs: OverlayFS { layers: [VfsPath { path: "", fs: VFS { fs: In Memory File System } }, VfsPath { path: "", fs: VFS { fs: AltrootFS { root: VfsPath { path: "", fs: VFS { fs: PhysicalFS { root: "G:\\dev\\TMF\\include" } } } } } }, VfsPath { path: "", fs: VFS { fs: AltrootFS { root: VfsPath { path: "", fs: VFS { fs: PhysicalFS { root: "C:\\Users\\heads\\AppData\\Local\\Temp\\hemtt\\dev_TMF\\output" } } } } } }, VfsPath { path: "", fs: VFS { fs: AltrootFS { root: VfsPath { path: "", fs: VFS { fs: PhysicalFS { root: "G:\\dev\\TMF" } } } } } }] } } }
2024-11-10T21:17:23.896766Z TRACE ThreadId(01) Prefix: VfsPath { path: "/addons/chat/$PBOPREFIX$", fs: VFS { fs: OverlayFS { layers: [VfsPath { path: "", fs: VFS { fs: In Memory File System } }, VfsPath { path: "", fs: VFS { fs: AltrootFS { root: VfsPath { path: "", fs: VFS { fs: PhysicalFS { root: "G:\\dev\\TMF\\include" } } } } } }, VfsPath { path: "", fs: VFS { fs: AltrootFS { root: VfsPath { path: "", fs: VFS { fs: PhysicalFS { root: "C:\\Users\\heads\\AppData\\Local\\Temp\\hemtt\\dev_TMF\\output" } } } } } }, VfsPath { path: "", fs: VFS { fs: AltrootFS { root: VfsPath { path: "", fs: VFS { fs: PhysicalFS { root: "G:\\dev\\TMF" } } } } } }] } } }
2024-11-10T21:17:23.899855Z TRACE ThreadId(01) config.cpp: VfsPath { path: "/addons/respawn/config.cpp", fs: VFS { fs: OverlayFS { layers: [VfsPath { path: "", fs: VFS { fs: In Memory File System } }, VfsPath { path: "", fs: VFS { fs: AltrootFS { root: VfsPath { path: "", fs: VFS { fs: PhysicalFS { root: "G:\\dev\\TMF\\include" } } } } } }, VfsPath { path: "", fs: VFS { fs: AltrootFS { root: VfsPath { path: "", fs: VFS { fs: PhysicalFS { root: "C:\\Users\\heads\\AppData\\Local\\Temp\\hemtt\\dev_TMF\\output" } } } } } }, VfsPath { path: "", fs: VFS { fs: AltrootFS { root: VfsPath { path: "", fs: VFS { fs: PhysicalFS { root: "G:\\dev\\TMF" } } } } } }] } } }
2024-11-10T21:17:23.900169Z TRACE ThreadId(01) Prefix: VfsPath { path: "/addons/respawn/$PBOPREFIX$", fs: VFS { fs: OverlayFS { layers: [VfsPath { path: "", fs: VFS { fs: In Memory File System } }, VfsPath { path: "", fs: VFS { fs: AltrootFS { root: VfsPath { path: "", fs: VFS { fs: PhysicalFS { root: "G:\\dev\\TMF\\include" } } } } } }, VfsPath { path: "", fs: VFS { fs: AltrootFS { root: VfsPath { path: "", fs: VFS { fs: PhysicalFS { root: "C:\\Users\\heads\\AppData\\Local\\Temp\\hemtt\\dev_TMF\\output" } } } } } }, VfsPath { path: "", fs: VFS { fs: AltrootFS { root: VfsPath { path: "", fs: VFS { fs: PhysicalFS { root: "G:\\dev\\TMF" } } } } } }] } } }
2024-11-10T21:17:23.904529Z TRACE ThreadId(01) config.cpp: VfsPath { path: "/addons/common/config.cpp", fs: VFS { fs: OverlayFS { layers: [VfsPath { path: "", fs: VFS { fs: In Memory File System } }, VfsPath { path: "", fs: VFS { fs: AltrootFS { root: VfsPath { path: "", fs: VFS { fs: PhysicalFS { root: "G:\\dev\\TMF\\include" } } } } } }, VfsPath { path: "", fs: VFS { fs: AltrootFS { root: VfsPath { path: "", fs: VFS { fs: PhysicalFS { root: "C:\\Users\\heads\\AppData\\Local\\Temp\\hemtt\\dev_TMF\\output" } } } } } }, VfsPath { path: "", fs: VFS { fs: AltrootFS { root: VfsPath { path: "", fs: VFS { fs: PhysicalFS { root: "G:\\dev\\TMF" } } } } } }] } } }
2024-11-10T21:17:23.905142Z TRACE ThreadId(01) Prefix: VfsPath { path: "/addons/common/$PBOPREFIX$", fs: VFS { fs: OverlayFS { layers: [VfsPath { path: "", fs: VFS { fs: In Memory File System } }, VfsPath { path: "", fs: VFS { fs: AltrootFS { root: VfsPath { path: "", fs: VFS { fs: PhysicalFS { root: "G:\\dev\\TMF\\include" } } } } } }, VfsPath { path: "", fs: VFS { fs: AltrootFS { root: VfsPath { path: "", fs: VFS { fs: PhysicalFS { root: "C:\\Users\\heads\\AppData\\Local\\Temp\\hemtt\\dev_TMF\\output" } } } } } }, VfsPath { path: "", fs: VFS { fs: AltrootFS { root: VfsPath { path: "", fs: VFS { fs: PhysicalFS { root: "G:\\dev\\TMF" } } } } } }] } } }
2024-11-10T21:17:23.918037Z TRACE ThreadId(01) Prefix: VfsPath { path: "/addons/teleport/$PBOPREFIX$", fs: VFS { fs: OverlayFS { layers: [VfsPath { path: "", fs: VFS { fs: In Memory File System } }, VfsPath { path: "", fs: VFS { fs: AltrootFS { root: VfsPath { path: "", fs: VFS { fs: PhysicalFS { root: "G:\\dev\\TMF\\include" } } } } } }, VfsPath { path: "", fs: VFS { fs: AltrootFS { root: VfsPath { path: "", fs: VFS { fs: PhysicalFS { root: "C:\\Users\\heads\\AppData\\Local\\Temp\\hemtt\\dev_TMF\\output" } } } } } }, VfsPath { path: "", fs: VFS { fs: AltrootFS { root: VfsPath { path: "", fs: VFS { fs: PhysicalFS { root: "G:\\dev\\TMF" } } } } } }] } } }
2024-11-10T21:17:23.919348Z TRACE ThreadId(01) config.cpp: VfsPath { path: "/addons/teleport/config.cpp", fs: VFS { fs: OverlayFS { layers: [VfsPath { path: "", fs: VFS { fs: In Memory File System } }, VfsPath { path: "", fs: VFS { fs: AltrootFS { root: VfsPath { path: "", fs: VFS { fs: PhysicalFS { root: "G:\\dev\\TMF\\include" } } } } } }, VfsPath { path: "", fs: VFS { fs: AltrootFS { root: VfsPath { path: "", fs: VFS { fs: PhysicalFS { root: "C:\\Users\\heads\\AppData\\Local\\Temp\\hemtt\\dev_TMF\\output" } } } } } }, VfsPath { path: "", fs: VFS { fs: AltrootFS { root: VfsPath { path: "", fs: VFS { fs: PhysicalFS { root: "G:\\dev\\TMF" } } } } } }] } } }
2024-11-10T21:17:23.922258Z TRACE ThreadId(01) Prefix: VfsPath { path: "/addons/ai/$PBOPREFIX$", fs: VFS { fs: OverlayFS { layers: [VfsPath { path: "", fs: VFS { fs: In Memory File System } }, VfsPath { path: "", fs: VFS { fs: AltrootFS { root: VfsPath { path: "", fs: VFS { fs: PhysicalFS { root: "G:\\dev\\TMF\\include" } } } } } }, VfsPath { path: "", fs: VFS { fs: AltrootFS { root: VfsPath { path: "", fs: VFS { fs: PhysicalFS { root: "C:\\Users\\heads\\AppData\\Local\\Temp\\hemtt\\dev_TMF\\output" } } } } } }, VfsPath { path: "", fs: VFS { fs: AltrootFS { root: VfsPath { path: "", fs: VFS { fs: PhysicalFS { root: "G:\\dev\\TMF" } } } } } }] } } }
2024-11-10T21:17:23.922908Z TRACE ThreadId(01) config.cpp: VfsPath { path: "/addons/ai/config.cpp", fs: VFS { fs: OverlayFS { layers: [VfsPath { path: "", fs: VFS { fs: In Memory File System } }, VfsPath { path: "", fs: VFS { fs: AltrootFS { root: VfsPath { path: "", fs: VFS { fs: PhysicalFS { root: "G:\\dev\\TMF\\include" } } } } } }, VfsPath { path: "", fs: VFS { fs: AltrootFS { root: VfsPath { path: "", fs: VFS { fs: PhysicalFS { root: "C:\\Users\\heads\\AppData\\Local\\Temp\\hemtt\\dev_TMF\\output" } } } } } }, VfsPath { path: "", fs: VFS { fs: AltrootFS { root: VfsPath { path: "", fs: VFS { fs: PhysicalFS { root: "G:\\dev\\TMF" } } } } } }] } } }
2024-11-10T21:17:23.928848Z TRACE ThreadId(01) config.cpp: VfsPath { path: "/addons/assigngear/config.cpp", fs: VFS { fs: OverlayFS { layers: [VfsPath { path: "", fs: VFS { fs: In Memory File System } }, VfsPath { path: "", fs: VFS { fs: AltrootFS { root: VfsPath { path: "", fs: VFS { fs: PhysicalFS { root: "G:\\dev\\TMF\\include" } } } } } }, VfsPath { path: "", fs: VFS { fs: AltrootFS { root: VfsPath { path: "", fs: VFS { fs: PhysicalFS { root: "C:\\Users\\heads\\AppData\\Local\\Temp\\hemtt\\dev_TMF\\output" } } } } } }, VfsPath { path: "", fs: VFS { fs: AltrootFS { root: VfsPath { path: "", fs: VFS { fs: PhysicalFS { root: "G:\\dev\\TMF" } } } } } }] } } }
2024-11-10T21:17:23.929607Z TRACE ThreadId(01) Prefix: VfsPath { path: "/addons/assigngear/$PBOPREFIX$", fs: VFS { fs: OverlayFS { layers: [VfsPath { path: "", fs: VFS { fs: In Memory File System } }, VfsPath { path: "", fs: VFS { fs: AltrootFS { root: VfsPath { path: "", fs: VFS { fs: PhysicalFS { root: "G:\\dev\\TMF\\include" } } } } } }, VfsPath { path: "", fs: VFS { fs: AltrootFS { root: VfsPath { path: "", fs: VFS { fs: PhysicalFS { root: "C:\\Users\\heads\\AppData\\Local\\Temp\\hemtt\\dev_TMF\\output" } } } } } }, VfsPath { path: "", fs: VFS { fs: AltrootFS { root: VfsPath { path: "", fs: VFS { fs: PhysicalFS { root: "G:\\dev\\TMF" } } } } } }] } } }
2024-11-10T21:17:23.942163Z TRACE ThreadId(01) Prefix: VfsPath { path: "/addons/main/$PBOPREFIX$", fs: VFS { fs: OverlayFS { layers: [VfsPath { path: "", fs: VFS { fs: In Memory File System } }, VfsPath { path: "", fs: VFS { fs: AltrootFS { root: VfsPath { path: "", fs: VFS { fs: PhysicalFS { root: "G:\\dev\\TMF\\include" } } } } } }, VfsPath { path: "", fs: VFS { fs: AltrootFS { root: VfsPath { path: "", fs: VFS { fs: PhysicalFS { root: "C:\\Users\\heads\\AppData\\Local\\Temp\\hemtt\\dev_TMF\\output" } } } } } }, VfsPath { path: "", fs: VFS { fs: AltrootFS { root: VfsPath { path: "", fs: VFS { fs: PhysicalFS { root: "G:\\dev\\TMF" } } } } } }] } } }
2024-11-10T21:17:23.942670Z TRACE ThreadId(01) config.cpp: VfsPath { path: "/addons/main/config.cpp", fs: VFS { fs: OverlayFS { layers: [VfsPath { path: "", fs: VFS { fs: In Memory File System } }, VfsPath { path: "", fs: VFS { fs: AltrootFS { root: VfsPath { path: "", fs: VFS { fs: PhysicalFS { root: "G:\\dev\\TMF\\include" } } } } } }, VfsPath { path: "", fs: VFS { fs: AltrootFS { root: VfsPath { path: "", fs: VFS { fs: PhysicalFS { root: "C:\\Users\\heads\\AppData\\Local\\Temp\\hemtt\\dev_TMF\\output" } } } } } }, VfsPath { path: "", fs: VFS { fs: AltrootFS { root: VfsPath { path: "", fs: VFS { fs: PhysicalFS { root: "G:\\dev\\TMF" } } } } } }] } } }
2024-11-10T21:17:23.944670Z TRACE ThreadId(01) Prefix: VfsPath { path: "/addons/spectator/$PBOPREFIX$", fs: VFS { fs: OverlayFS { layers: [VfsPath { path: "", fs: VFS { fs: In Memory File System } }, VfsPath { path: "", fs: VFS { fs: AltrootFS { root: VfsPath { path: "", fs: VFS { fs: PhysicalFS { root: "G:\\dev\\TMF\\include" } } } } } }, VfsPath { path: "", fs: VFS { fs: AltrootFS { root: VfsPath { path: "", fs: VFS { fs: PhysicalFS { root: "C:\\Users\\heads\\AppData\\Local\\Temp\\hemtt\\dev_TMF\\output" } } } } } }, VfsPath { path: "", fs: VFS { fs: AltrootFS { root: VfsPath { path: "", fs: VFS { fs: PhysicalFS { root: "G:\\dev\\TMF" } } } } } }] } } }
2024-11-10T21:17:23.945775Z TRACE ThreadId(01) config.cpp: VfsPath { path: "/addons/spectator/config.cpp", fs: VFS { fs: OverlayFS { layers: [VfsPath { path: "", fs: VFS { fs: In Memory File System } }, VfsPath { path: "", fs: VFS { fs: AltrootFS { root: VfsPath { path: "", fs: VFS { fs: PhysicalFS { root: "G:\\dev\\TMF\\include" } } } } } }, VfsPath { path: "", fs: VFS { fs: AltrootFS { root: VfsPath { path: "", fs: VFS { fs: PhysicalFS { root: "C:\\Users\\heads\\AppData\\Local\\Temp\\hemtt\\dev_TMF\\output" } } } } } }, VfsPath { path: "", fs: VFS { fs: AltrootFS { root: VfsPath { path: "", fs: VFS { fs: PhysicalFS { root: "G:\\dev\\TMF" } } } } } }] } } }
2024-11-10T21:17:23.954484Z TRACE ThreadId(01) config.cpp: VfsPath { path: "/addons/safestart/config.cpp", fs: VFS { fs: OverlayFS { layers: [VfsPath { path: "", fs: VFS { fs: In Memory File System } }, VfsPath { path: "", fs: VFS { fs: AltrootFS { root: VfsPath { path: "", fs: VFS { fs: PhysicalFS { root: "G:\\dev\\TMF\\include" } } } } } }, VfsPath { path: "", fs: VFS { fs: AltrootFS { root: VfsPath { path: "", fs: VFS { fs: PhysicalFS { root: "C:\\Users\\heads\\AppData\\Local\\Temp\\hemtt\\dev_TMF\\output" } } } } } }, VfsPath { path: "", fs: VFS { fs: AltrootFS { root: VfsPath { path: "", fs: VFS { fs: PhysicalFS { root: "G:\\dev\\TMF" } } } } } }] } } }
2024-11-10T21:17:23.955712Z TRACE ThreadId(01) Prefix: VfsPath { path: "/addons/safestart/$PBOPREFIX$", fs: VFS { fs: OverlayFS { layers: [VfsPath { path: "", fs: VFS { fs: In Memory File System } }, VfsPath { path: "", fs: VFS { fs: AltrootFS { root: VfsPath { path: "", fs: VFS { fs: PhysicalFS { root: "G:\\dev\\TMF\\include" } } } } } }, VfsPath { path: "", fs: VFS { fs: AltrootFS { root: VfsPath { path: "", fs: VFS { fs: PhysicalFS { root: "C:\\Users\\heads\\AppData\\Local\\Temp\\hemtt\\dev_TMF\\output" } } } } } }, VfsPath { path: "", fs: VFS { fs: AltrootFS { root: VfsPath { path: "", fs: VFS { fs: PhysicalFS { root: "G:\\dev\\TMF" } } } } } }] } } }
2024-11-10T21:17:23.959260Z TRACE ThreadId(01) Prefix: VfsPath { path: "/addons/autotest/$PBOPREFIX$", fs: VFS { fs: OverlayFS { layers: [VfsPath { path: "", fs: VFS { fs: In Memory File System } }, VfsPath { path: "", fs: VFS { fs: AltrootFS { root: VfsPath { path: "", fs: VFS { fs: PhysicalFS { root: "G:\\dev\\TMF\\include" } } } } } }, VfsPath { path: "", fs: VFS { fs: AltrootFS { root: VfsPath { path: "", fs: VFS { fs: PhysicalFS { root: "C:\\Users\\heads\\AppData\\Local\\Temp\\hemtt\\dev_TMF\\output" } } } } } }, VfsPath { path: "", fs: VFS { fs: AltrootFS { root: VfsPath { path: "", fs: VFS { fs: PhysicalFS { root: "G:\\dev\\TMF" } } } } } }] } } }
2024-11-10T21:17:23.960051Z TRACE ThreadId(01) config.cpp: VfsPath { path: "/addons/autotest/config.cpp", fs: VFS { fs: OverlayFS { layers: [VfsPath { path: "", fs: VFS { fs: In Memory File System } }, VfsPath { path: "", fs: VFS { fs: AltrootFS { root: VfsPath { path: "", fs: VFS { fs: PhysicalFS { root: "G:\\dev\\TMF\\include" } } } } } }, VfsPath { path: "", fs: VFS { fs: AltrootFS { root: VfsPath { path: "", fs: VFS { fs: PhysicalFS { root: "C:\\Users\\heads\\AppData\\Local\\Temp\\hemtt\\dev_TMF\\output" } } } } } }, VfsPath { path: "", fs: VFS { fs: AltrootFS { root: VfsPath { path: "", fs: VFS { fs: PhysicalFS { root: "G:\\dev\\TMF" } } } } } }] } } }
2024-11-10T21:17:23.963550Z TRACE ThreadId(01) Prefix: VfsPath { path: "/addons/patrol/$PBOPREFIX$", fs: VFS { fs: OverlayFS { layers: [VfsPath { path: "", fs: VFS { fs: In Memory File System } }, VfsPath { path: "", fs: VFS { fs: AltrootFS { root: VfsPath { path: "", fs: VFS { fs: PhysicalFS { root: "G:\\dev\\TMF\\include" } } } } } }, VfsPath { path: "", fs: VFS { fs: AltrootFS { root: VfsPath { path: "", fs: VFS { fs: PhysicalFS { root: "C:\\Users\\heads\\AppData\\Local\\Temp\\hemtt\\dev_TMF\\output" } } } } } }, VfsPath { path: "", fs: VFS { fs: AltrootFS { root: VfsPath { path: "", fs: VFS { fs: PhysicalFS { root: "G:\\dev\\TMF" } } } } } }] } } }
2024-11-10T21:17:23.964807Z TRACE ThreadId(01) config.cpp: VfsPath { path: "/addons/patrol/config.cpp", fs: VFS { fs: OverlayFS { layers: [VfsPath { path: "", fs: VFS { fs: In Memory File System } }, VfsPath { path: "", fs: VFS { fs: AltrootFS { root: VfsPath { path: "", fs: VFS { fs: PhysicalFS { root: "G:\\dev\\TMF\\include" } } } } } }, VfsPath { path: "", fs: VFS { fs: AltrootFS { root: VfsPath { path: "", fs: VFS { fs: PhysicalFS { root: "C:\\Users\\heads\\AppData\\Local\\Temp\\hemtt\\dev_TMF\\output" } } } } } }, VfsPath { path: "", fs: VFS { fs: AltrootFS { root: VfsPath { path: "", fs: VFS { fs: PhysicalFS { root: "G:\\dev\\TMF" } } } } } }] } } }
2024-11-10T21:17:23.966582Z TRACE ThreadId(01) config.cpp: VfsPath { path: "/addons/zeus/config.cpp", fs: VFS { fs: OverlayFS { layers: [VfsPath { path: "", fs: VFS { fs: In Memory File System } }, VfsPath { path: "", fs: VFS { fs: AltrootFS { root: VfsPath { path: "", fs: VFS { fs: PhysicalFS { root: "G:\\dev\\TMF\\include" } } } } } }, VfsPath { path: "", fs: VFS { fs: AltrootFS { root: VfsPath { path: "", fs: VFS { fs: PhysicalFS { root: "C:\\Users\\heads\\AppData\\Local\\Temp\\hemtt\\dev_TMF\\output" } } } } } }, VfsPath { path: "", fs: VFS { fs: AltrootFS { root: VfsPath { path: "", fs: VFS { fs: PhysicalFS { root: "G:\\dev\\TMF" } } } } } }] } } }
2024-11-10T21:17:23.967052Z TRACE ThreadId(01) Prefix: VfsPath { path: "/addons/zeus/$PBOPREFIX$", fs: VFS { fs: OverlayFS { layers: [VfsPath { path: "", fs: VFS { fs: In Memory File System } }, VfsPath { path: "", fs: VFS { fs: AltrootFS { root: VfsPath { path: "", fs: VFS { fs: PhysicalFS { root: "G:\\dev\\TMF\\include" } } } } } }, VfsPath { path: "", fs: VFS { fs: AltrootFS { root: VfsPath { path: "", fs: VFS { fs: PhysicalFS { root: "C:\\Users\\heads\\AppData\\Local\\Temp\\hemtt\\dev_TMF\\output" } } } } } }, VfsPath { path: "", fs: VFS { fs: AltrootFS { root: VfsPath { path: "", fs: VFS { fs: PhysicalFS { root: "G:\\dev\\TMF" } } } } } }] } } }
2024-11-10T21:17:23.970442Z TRACE ThreadId(01) Prefix: VfsPath { path: "/addons/briefing/$PBOPREFIX$", fs: VFS { fs: OverlayFS { layers: [VfsPath { path: "", fs: VFS { fs: In Memory File System } }, VfsPath { path: "", fs: VFS { fs: AltrootFS { root: VfsPath { path: "", fs: VFS { fs: PhysicalFS { root: "G:\\dev\\TMF\\include" } } } } } }, VfsPath { path: "", fs: VFS { fs: AltrootFS { root: VfsPath { path: "", fs: VFS { fs: PhysicalFS { root: "C:\\Users\\heads\\AppData\\Local\\Temp\\hemtt\\dev_TMF\\output" } } } } } }, VfsPath { path: "", fs: VFS { fs: AltrootFS { root: VfsPath { path: "", fs: VFS { fs: PhysicalFS { root: "G:\\dev\\TMF" } } } } } }] } } }
2024-11-10T21:17:23.972427Z TRACE ThreadId(01) config.cpp: VfsPath { path: "/addons/briefing/config.cpp", fs: VFS { fs: OverlayFS { layers: [VfsPath { path: "", fs: VFS { fs: In Memory File System } }, VfsPath { path: "", fs: VFS { fs: AltrootFS { root: VfsPath { path: "", fs: VFS { fs: PhysicalFS { root: "G:\\dev\\TMF\\include" } } } } } }, VfsPath { path: "", fs: VFS { fs: AltrootFS { root: VfsPath { path: "", fs: VFS { fs: PhysicalFS { root: "C:\\Users\\heads\\AppData\\Local\\Temp\\hemtt\\dev_TMF\\output" } } } } } }, VfsPath { path: "", fs: VFS { fs: AltrootFS { root: VfsPath { path: "", fs: VFS { fs: PhysicalFS { root: "G:\\dev\\TMF" } } } } } }] } } }
2024-11-10T21:17:23.975949Z TRACE ThreadId(01) Prefix: VfsPath { path: "/addons/adminmenu/$PBOPREFIX$", fs: VFS { fs: OverlayFS { layers: [VfsPath { path: "", fs: VFS { fs: In Memory File System } }, VfsPath { path: "", fs: VFS { fs: AltrootFS { root: VfsPath { path: "", fs: VFS { fs: PhysicalFS { root: "G:\\dev\\TMF\\include" } } } } } }, VfsPath { path: "", fs: VFS { fs: AltrootFS { root: VfsPath { path: "", fs: VFS { fs: PhysicalFS { root: "C:\\Users\\heads\\AppData\\Local\\Temp\\hemtt\\dev_TMF\\output" } } } } } }, VfsPath { path: "", fs: VFS { fs: AltrootFS { root: VfsPath { path: "", fs: VFS { fs: PhysicalFS { root: "G:\\dev\\TMF" } } } } } }] } } }
2024-11-10T21:17:23.977949Z TRACE ThreadId(01) config.cpp: VfsPath { path: "/addons/adminmenu/config.cpp", fs: VFS { fs: OverlayFS { layers: [VfsPath { path: "", fs: VFS { fs: In Memory File System } }, VfsPath { path: "", fs: VFS { fs: AltrootFS { root: VfsPath { path: "", fs: VFS { fs: PhysicalFS { root: "G:\\dev\\TMF\\include" } } } } } }, VfsPath { path: "", fs: VFS { fs: AltrootFS { root: VfsPath { path: "", fs: VFS { fs: PhysicalFS { root: "C:\\Users\\heads\\AppData\\Local\\Temp\\hemtt\\dev_TMF\\output" } } } } } }, VfsPath { path: "", fs: VFS { fs: AltrootFS { root: VfsPath { path: "", fs: VFS { fs: PhysicalFS { root: "G:\\dev\\TMF" } } } } } }] } } }
2024-11-10T21:17:23.992727Z TRACE ThreadId(01) Prefix: VfsPath { path: "/addons/acre2/$PBOPREFIX$", fs: VFS { fs: OverlayFS { layers: [VfsPath { path: "", fs: VFS { fs: In Memory File System } }, VfsPath { path: "", fs: VFS { fs: AltrootFS { root: VfsPath { path: "", fs: VFS { fs: PhysicalFS { root: "G:\\dev\\TMF\\include" } } } } } }, VfsPath { path: "", fs: VFS { fs: AltrootFS { root: VfsPath { path: "", fs: VFS { fs: PhysicalFS { root: "C:\\Users\\heads\\AppData\\Local\\Temp\\hemtt\\dev_TMF\\output" } } } } } }, VfsPath { path: "", fs: VFS { fs: AltrootFS { root: VfsPath { path: "", fs: VFS { fs: PhysicalFS { root: "G:\\dev\\TMF" } } } } } }] } } }
2024-11-10T21:17:23.993691Z TRACE ThreadId(01) config.cpp: VfsPath { path: "/addons/acre2/config.cpp", fs: VFS { fs: OverlayFS { layers: [VfsPath { path: "", fs: VFS { fs: In Memory File System } }, VfsPath { path: "", fs: VFS { fs: AltrootFS { root: VfsPath { path: "", fs: VFS { fs: PhysicalFS { root: "G:\\dev\\TMF\\include" } } } } } }, VfsPath { path: "", fs: VFS { fs: AltrootFS { root: VfsPath { path: "", fs: VFS { fs: PhysicalFS { root: "C:\\Users\\heads\\AppData\\Local\\Temp\\hemtt\\dev_TMF\\output" } } } } } }, VfsPath { path: "", fs: VFS { fs: AltrootFS { root: VfsPath { path: "", fs: VFS { fs: PhysicalFS { root: "G:\\dev\\TMF" } } } } } }] } } }
2024-11-10T21:17:24.000351Z TRACE ThreadId(01) checking for version macro in VfsPath { path: "/addons/main/script_mod.hpp", fs: VFS { fs: OverlayFS { layers: [VfsPath { path: "", fs: VFS { fs: In Memory File System } }, VfsPath { path: "", fs: VFS { fs: AltrootFS { root: VfsPath { path: "", fs: VFS { fs: PhysicalFS { root: "G:\\dev\\TMF\\include" } } } } } }, VfsPath { path: "", fs: VFS { fs: AltrootFS { root: VfsPath { path: "", fs: VFS { fs: PhysicalFS { root: "C:\\Users\\heads\\AppData\\Local\\Temp\\hemtt\\dev_TMF\\output" } } } } } }, VfsPath { path: "", fs: VFS { fs: AltrootFS { root: VfsPath { path: "", fs: VFS { fs: PhysicalFS { root: "G:\\dev\\TMF" } } } } } }] } } }
2024-11-10T21:17:24.005611Z  INFO ThreadId(01) Config loaded for TMF 1.0.0-0385e74f
2024-11-10T21:17:24.005706Z TRACE ThreadId(01) Scanning G:\dev\TMF\addons for addons
2024-11-10T21:17:24.016426Z  INFO ThreadId(01) Creating `build` version
2024-11-10T21:17:24.016442Z TRACE ThreadId(01) phase: init (BOM Check) (start)
2024-11-10T21:17:24.016450Z TRACE ThreadId(01) phase: init (BOM Check) (done)
2024-11-10T21:17:24.016453Z TRACE ThreadId(01) phase: init (Hooks) (start)
2024-11-10T21:17:24.016508Z TRACE ThreadId(01) no hooks folder
2024-11-10T21:17:24.016513Z TRACE ThreadId(01) phase: init (Hooks) (done)
2024-11-10T21:17:24.016516Z TRACE ThreadId(01) phase: init (Stringtables) (start)
2024-11-10T21:17:24.016519Z TRACE ThreadId(01) phase: init (Stringtables) (done)
2024-11-10T21:17:24.016521Z TRACE ThreadId(01) phase: init (SQF) (start)
2024-11-10T21:17:24.416400Z TRACE ThreadId(01) phase: init (SQF) (done)
2024-11-10T21:17:24.416414Z TRACE ThreadId(01) phase: init (Rapifier) (start)
2024-11-10T21:17:24.416418Z TRACE ThreadId(01) phase: init (Rapifier) (done)
2024-11-10T21:17:24.416420Z TRACE ThreadId(01) phase: init (Binarize) (start)
2024-11-10T21:17:24.416429Z TRACE ThreadId(01) Using Binarize path from registry
2024-11-10T21:17:24.417053Z TRACE ThreadId(01) junction link "C:\\Users\\heads\\AppData\\Local\\Temp\\hemtt\\dev_TMF\\x\\tmf\\addons\\acre2" => "G:\\dev\\TMF\\addons\\acre2"
2024-11-10T21:17:24.432051Z TRACE ThreadId(01) junction link "C:\\Users\\heads\\AppData\\Local\\Temp\\hemtt\\dev_TMF\\x\\tmf\\addons\\adminmenu" => "G:\\dev\\TMF\\addons\\adminmenu"
2024-11-10T21:17:24.445748Z TRACE ThreadId(01) junction link "C:\\Users\\heads\\AppData\\Local\\Temp\\hemtt\\dev_TMF\\x\\tmf\\addons\\ai" => "G:\\dev\\TMF\\addons\\ai"
2024-11-10T21:17:24.460814Z TRACE ThreadId(01) junction link "C:\\Users\\heads\\AppData\\Local\\Temp\\hemtt\\dev_TMF\\x\\tmf\\addons\\assigngear" => "G:\\dev\\TMF\\addons\\assigngear"
2024-11-10T21:17:24.474413Z TRACE ThreadId(01) junction link "C:\\Users\\heads\\AppData\\Local\\Temp\\hemtt\\dev_TMF\\x\\tmf\\addons\\autotest" => "G:\\dev\\TMF\\addons\\autotest"
2024-11-10T21:17:24.488263Z TRACE ThreadId(01) junction link "C:\\Users\\heads\\AppData\\Local\\Temp\\hemtt\\dev_TMF\\x\\tmf\\addons\\briefing" => "G:\\dev\\TMF\\addons\\briefing"
2024-11-10T21:17:24.501801Z TRACE ThreadId(01) junction link "C:\\Users\\heads\\AppData\\Local\\Temp\\hemtt\\dev_TMF\\x\\tmf\\addons\\chat" => "G:\\dev\\TMF\\addons\\chat"
2024-11-10T21:17:24.515459Z TRACE ThreadId(01) junction link "C:\\Users\\heads\\AppData\\Local\\Temp\\hemtt\\dev_TMF\\x\\tmf\\addons\\common" => "G:\\dev\\TMF\\addons\\common"
2024-11-10T21:17:24.528878Z TRACE ThreadId(01) junction link "C:\\Users\\heads\\AppData\\Local\\Temp\\hemtt\\dev_TMF\\x\\tmf\\addons\\main" => "G:\\dev\\TMF\\addons\\main"
2024-11-10T21:17:24.542291Z TRACE ThreadId(01) junction link "C:\\Users\\heads\\AppData\\Local\\Temp\\hemtt\\dev_TMF\\x\\tmf\\addons\\marker" => "G:\\dev\\TMF\\addons\\marker"
2024-11-10T21:17:24.556183Z TRACE ThreadId(01) junction link "C:\\Users\\heads\\AppData\\Local\\Temp\\hemtt\\dev_TMF\\x\\tmf\\addons\\modules" => "G:\\dev\\TMF\\addons\\modules"
2024-11-10T21:17:24.569730Z TRACE ThreadId(01) junction link "C:\\Users\\heads\\AppData\\Local\\Temp\\hemtt\\dev_TMF\\x\\tmf\\addons\\orbat" => "G:\\dev\\TMF\\addons\\orbat"
2024-11-10T21:17:24.583724Z TRACE ThreadId(01) junction link "C:\\Users\\heads\\AppData\\Local\\Temp\\hemtt\\dev_TMF\\x\\tmf\\addons\\patrol" => "G:\\dev\\TMF\\addons\\patrol"
2024-11-10T21:17:24.597893Z TRACE ThreadId(01) junction link "C:\\Users\\heads\\AppData\\Local\\Temp\\hemtt\\dev_TMF\\x\\tmf\\addons\\respawn" => "G:\\dev\\TMF\\addons\\respawn"
2024-11-10T21:17:24.611241Z TRACE ThreadId(01) junction link "C:\\Users\\heads\\AppData\\Local\\Temp\\hemtt\\dev_TMF\\x\\tmf\\addons\\safestart" => "G:\\dev\\TMF\\addons\\safestart"
2024-11-10T21:17:24.624690Z TRACE ThreadId(01) junction link "C:\\Users\\heads\\AppData\\Local\\Temp\\hemtt\\dev_TMF\\x\\tmf\\addons\\spectator" => "G:\\dev\\TMF\\addons\\spectator"
2024-11-10T21:17:24.637841Z TRACE ThreadId(01) junction link "C:\\Users\\heads\\AppData\\Local\\Temp\\hemtt\\dev_TMF\\x\\tmf\\addons\\teamcolour" => "G:\\dev\\TMF\\addons\\teamcolour"
2024-11-10T21:17:24.652291Z TRACE ThreadId(01) junction link "C:\\Users\\heads\\AppData\\Local\\Temp\\hemtt\\dev_TMF\\x\\tmf\\addons\\teleport" => "G:\\dev\\TMF\\addons\\teleport"
2024-11-10T21:17:24.666662Z TRACE ThreadId(01) junction link "C:\\Users\\heads\\AppData\\Local\\Temp\\hemtt\\dev_TMF\\x\\tmf\\addons\\zeus" => "G:\\dev\\TMF\\addons\\zeus"
2024-11-10T21:17:24.681520Z TRACE ThreadId(01) junction link "C:\\Users\\heads\\AppData\\Local\\Temp\\hemtt\\dev_TMF\\a3\\3DEN" => "G:\\dev\\TMF\\include\\a3\\3DEN"
2024-11-10T21:17:24.695279Z TRACE ThreadId(01) junction link "C:\\Users\\heads\\AppData\\Local\\Temp\\hemtt\\dev_TMF\\a3\\ui_f" => "G:\\dev\\TMF\\include\\a3\\ui_f"
2024-11-10T21:17:24.708838Z TRACE ThreadId(01) junction link "C:\\Users\\heads\\AppData\\Local\\Temp\\hemtt\\dev_TMF\\a3\\ui_f_curator" => "G:\\dev\\TMF\\include\\a3\\ui_f_curator"
2024-11-10T21:17:24.723266Z TRACE ThreadId(01) junction link "C:\\Users\\heads\\AppData\\Local\\Temp\\hemtt\\dev_TMF\\x\\cba" => "G:\\dev\\TMF\\include\\x\\cba"
2024-11-10T21:17:24.737185Z TRACE ThreadId(01) phase: init (Binarize) (done)
2024-11-10T21:17:24.737201Z TRACE ThreadId(01) phase: init (Files) (start)
2024-11-10T21:17:24.737204Z TRACE ThreadId(01) phase: init (Files) (done)
2024-11-10T21:17:24.737208Z TRACE ThreadId(01) phase: check (BOM Check) (start)
2024-11-10T21:17:24.779083Z TRACE ThreadId(01) phase: check (BOM Check) (done)
2024-11-10T21:17:24.779111Z TRACE ThreadId(01) phase: check (Hooks) (start)
2024-11-10T21:17:24.779115Z TRACE ThreadId(01) phase: check (Hooks) (done)
2024-11-10T21:17:24.779119Z TRACE ThreadId(01) phase: check (Stringtables) (start)
2024-11-10T21:17:24.779172Z TRACE ThreadId(01) phase: check (Stringtables) (done)
2024-11-10T21:17:24.779176Z TRACE ThreadId(01) phase: check (SQF) (start)
2024-11-10T21:17:24.779235Z TRACE ThreadId(01) phase: check (SQF) (done)
2024-11-10T21:17:24.779238Z TRACE ThreadId(01) phase: check (Rapifier) (start)
2024-11-10T21:17:24.779271Z TRACE ThreadId(01) phase: check (Rapifier) (done)
2024-11-10T21:17:24.779274Z TRACE ThreadId(01) phase: check (Binarize) (start)
2024-11-10T21:17:25.132700Z  INFO ThreadId(01) Validated 0 files for binarization
2024-11-10T21:17:25.132713Z TRACE ThreadId(01) phase: check (Binarize) (done)
2024-11-10T21:17:25.132717Z TRACE ThreadId(01) phase: check (Files) (start)
2024-11-10T21:17:25.132720Z TRACE ThreadId(01) phase: check (Files) (done)
2024-11-10T21:17:25.132724Z TRACE ThreadId(01) phase: pre_build (BOM Check) (start)
2024-11-10T21:17:25.132727Z TRACE ThreadId(01) phase: pre_build (BOM Check) (done)
2024-11-10T21:17:25.132730Z TRACE ThreadId(01) phase: pre_build (Hooks) (start)
2024-11-10T21:17:25.132739Z TRACE ThreadId(01) phase: pre_build (Hooks) (done)
2024-11-10T21:17:25.132742Z TRACE ThreadId(01) phase: pre_build (Stringtables) (start)
2024-11-10T21:17:25.134459Z TRACE ThreadId(01) phase: pre_build (Stringtables) (done)
2024-11-10T21:17:25.134466Z TRACE ThreadId(01) phase: pre_build (SQF) (start)
2024-11-10T21:17:25.647304Z TRACE ThreadId(04) sqf compiling /addons/adminmenu/functions/fnc_keyPressed.sqf
2024-11-10T21:17:25.647308Z TRACE ThreadId(14) sqf compiling /addons/chat/functions/fnc_cmndHeal.sqf
2024-11-10T21:17:25.647316Z TRACE ThreadId(02) sqf compiling /addons/ai/XEH_preInit.sqf
2024-11-10T21:17:25.647311Z TRACE ThreadId(03) sqf compiling /addons/adminmenu/functions/fnc_respawn_refreshFactionCategory.sqf
2024-11-10T21:17:25.647311Z TRACE ThreadId(05) sqf compiling /addons/acre2/XEH_postInit.sqf
2024-11-10T21:17:25.647341Z TRACE ThreadId(07) sqf compiling /addons/orbat/ui_scripts/OrbatSettings_treeEditClick.sqf
2024-11-10T21:17:25.647383Z TRACE ThreadId(08) sqf compiling /addons/adminmenu/functions/fnc_respawn_removeAction.sqf
2024-11-10T21:17:25.647443Z TRACE ThreadId(09) sqf compiling /addons/common/functions/fnc_initGroupVar.sqf
2024-11-10T21:17:25.647474Z TRACE ThreadId(10) sqf compiling /addons/common/functions/fnc_testGroupsSlottingScreen.sqf
2024-11-10T21:17:25.647527Z TRACE ThreadId(11) sqf compiling /addons/adminmenu/functions/fnc_endMission_occluder.sqf
2024-11-10T21:17:25.647568Z TRACE ThreadId(12) sqf compiling /addons/assigngear/functions/fnc_gui_vehicleGear_load.sqf
2024-11-10T21:17:25.647605Z TRACE ThreadId(13) sqf compiling /addons/acre2/ui_scripts/BabelSettings.sqf
2024-11-10T21:17:25.647645Z TRACE ThreadId(06) sqf compiling /addons/common/functions/fnc_drawLines.sqf
2024-11-10T21:17:25.647693Z TRACE ThreadId(15) sqf compiling /addons/adminmenu/functions/fnc_modal.sqf
2024-11-10T21:17:25.647750Z TRACE ThreadId(16) sqf compiling /addons/common/functions/fnc_sideToTexture.sqf
2024-11-10T21:17:25.647807Z TRACE ThreadId(17) sqf compiling /addons/orbat/functions/fnc_draw.sqf
2024-11-10T21:17:25.655298Z TRACE ThreadId(06) sqf compiling /addons/common/functions/fnc_getPosVisual.sqf
2024-11-10T21:17:25.655381Z TRACE ThreadId(16) sqf compiling /addons/common/functions/fnc_edenDraw.sqf
2024-11-10T21:17:25.658417Z TRACE ThreadId(06) sqf compiling /addons/common/functions/fnc_initDisplayDebriefing.sqf
2024-11-10T21:17:25.702797Z TRACE ThreadId(09) sqf compiling /addons/common/functions/fnc_edenInit.sqf
2024-11-10T21:17:25.712479Z TRACE ThreadId(16) sqf compiling /addons/common/functions/fnc_getCfgEntryFromPath.sqf
2024-11-10T21:17:25.712650Z TRACE ThreadId(17) sqf compiling /addons/orbat/functions/fnc_add.sqf
2024-11-10T21:17:25.715676Z TRACE ThreadId(02) sqf compiling /addons/ai/XEH_preStart.sqf
2024-11-10T21:17:25.716393Z TRACE ThreadId(15) sqf compiling /addons/adminmenu/functions/fnc_modal_ACRE2Languages_assign.sqf
2024-11-10T21:17:25.716505Z TRACE ThreadId(08) sqf compiling /addons/adminmenu/functions/fnc_adminEye_onKeyPress.sqf
2024-11-10T21:17:25.716542Z TRACE ThreadId(12) sqf compiling /addons/assigngear/functions/fnc_addBackpackItems.sqf
2024-11-10T21:17:25.721380Z TRACE ThreadId(06) sqf compiling /addons/common/functions/fnc_sideToHexColor.sqf
2024-11-10T21:17:25.721492Z TRACE ThreadId(11) sqf compiling /addons/adminmenu/functions/fnc_messageLog.sqf
2024-11-10T21:17:25.725091Z TRACE ThreadId(14) sqf compiling /addons/chat/functions/fnc_commandAvailable.sqf
2024-11-10T21:17:25.728009Z TRACE ThreadId(03) sqf compiling /addons/adminmenu/functions/fnc_endMission_sideSpecificLocal.sqf
2024-11-10T21:17:25.728691Z TRACE ThreadId(04) sqf compiling /addons/adminmenu/functions/fnc_modal_message.sqf
2024-11-10T21:17:25.729480Z TRACE ThreadId(06) sqf compiling /addons/common/functions/fnc_initDisplayMultiplayerSetup.sqf
2024-11-10T21:17:25.738121Z TRACE ThreadId(10) sqf compiling /addons/common/functions/fnc_sideToString.sqf
2024-11-10T21:17:25.750871Z TRACE ThreadId(10) sqf compiling /addons/common/functions/fnc_edenHideMapObjects.sqf
2024-11-10T21:17:25.753395Z TRACE ThreadId(17) sqf compiling /addons/orbat/functions/fnc_createBriefingPage.sqf
2024-11-10T21:17:25.753471Z TRACE ThreadId(16) sqf compiling /addons/common/functions/fnc_sideType.sqf
2024-11-10T21:17:25.754378Z TRACE ThreadId(05) sqf compiling /addons/acre2/XEH_preStart.sqf
2024-11-10T21:17:25.754706Z TRACE ThreadId(12) sqf compiling /addons/assigngear/functions/fnc_gearSelector.sqf
2024-11-10T21:17:25.754984Z TRACE ThreadId(02) sqf compiling /addons/ai/functions/fnc_huntLoop.sqf
2024-11-10T21:17:25.757182Z TRACE ThreadId(15) sqf compiling /addons/adminmenu/functions/fnc_getCurrentAdminClient.sqf
2024-11-10T21:17:25.759330Z TRACE ThreadId(07) sqf compiling /addons/orbat/ui_scripts/UnitMarker_attributeSave.sqf
2024-11-10T21:17:25.760600Z TRACE ThreadId(08) sqf compiling /addons/adminmenu/functions/fnc_dashboard.sqf
2024-11-10T21:17:25.761558Z TRACE ThreadId(09) sqf compiling /addons/common/functions/fnc_serializeWaypoint.sqf
2024-11-10T21:17:25.763660Z TRACE ThreadId(14) sqf compiling /addons/chat/functions/fnc_cmndSpec.sqf
2024-11-10T21:17:25.767723Z TRACE ThreadId(09) sqf compiling /addons/common/functions/fnc_secondsToTime.sqf
2024-11-10T21:17:25.771602Z TRACE ThreadId(11) sqf compiling /addons/adminmenu/functions/fnc_modal_runCode.sqf
2024-11-10T21:17:25.777722Z TRACE ThreadId(09) sqf compiling /addons/marker/XEH_preStart.sqf
2024-11-10T21:17:25.778009Z TRACE ThreadId(03) sqf compiling /addons/adminmenu/functions/fnc_modal_assignGear_listboxFactions.sqf
2024-11-10T21:17:25.782959Z TRACE ThreadId(06) sqf compiling /addons/common/functions/fnc_intro.sqf
2024-11-10T21:17:25.787605Z TRACE ThreadId(16) sqf compiling /addons/adminmenu/functions/fnc_remoteControl_dialog.sqf
2024-11-10T21:17:25.792037Z TRACE ThreadId(06) sqf compiling /addons/common/functions/fnc_moduleUnits.sqf
2024-11-10T21:17:25.792058Z TRACE ThreadId(12) sqf compiling /addons/assigngear/functions/fnc_replaceSidearmWeapon.sqf
2024-11-10T21:17:25.797037Z TRACE ThreadId(05) sqf compiling /addons/acre2/XEH_preInit.sqf
2024-11-10T21:17:25.797093Z TRACE ThreadId(07) sqf compiling /addons/orbat/ui_scripts/GroupMarker_onLoad.sqf
2024-11-10T21:17:25.797504Z TRACE ThreadId(15) sqf compiling /addons/adminmenu/functions/fnc_respawn_mapClick.sqf
2024-11-10T21:17:25.798645Z TRACE ThreadId(14) sqf compiling /addons/chat/functions/fnc_cmndLoadout.sqf
2024-11-10T21:17:25.799200Z TRACE ThreadId(06) sqf compiling /addons/orbat/ui_scripts/OrbatSettings_attributeLoad.sqf
2024-11-10T21:17:25.804793Z TRACE ThreadId(02) sqf compiling /addons/ai/functions/fnc_arty.sqf
2024-11-10T21:17:25.806684Z TRACE ThreadId(09) sqf compiling /addons/marker/XEH_preInit.sqf
2024-11-10T21:17:25.811550Z TRACE ThreadId(04) sqf compiling /addons/adminmenu/functions/fnc_remoteControl.sqf
2024-11-10T21:17:25.812544Z TRACE ThreadId(10) sqf compiling /addons/common/functions/fnc_serializeWaypoints.sqf
2024-11-10T21:17:25.816821Z TRACE ThreadId(08) sqf compiling /addons/adminmenu/functions/fnc_adminEye_onLoad.sqf
2024-11-10T21:17:25.823165Z TRACE ThreadId(12) sqf compiling /addons/assigngear/functions/fnc_onEdenMessageRecieved.sqf
2024-11-10T21:17:25.823475Z TRACE ThreadId(03) sqf compiling /addons/adminmenu/functions/fnc_playerManagement.sqf
2024-11-10T21:17:25.828916Z TRACE ThreadId(06) sqf compiling /addons/orbat/ui_scripts/OrbatSettings_treeDelClick.sqf
2024-11-10T21:17:25.829256Z TRACE ThreadId(05) sqf compiling /addons/acre2/functions/fnc_unitToPreset.sqf
2024-11-10T21:17:25.836175Z TRACE ThreadId(09) sqf compiling /addons/marker/functions/fnc_hide.sqf
2024-11-10T21:17:25.836315Z TRACE ThreadId(11) sqf compiling /addons/adminmenu/functions/fnc_utility_grantzeus.sqf
2024-11-10T21:17:25.837699Z TRACE ThreadId(02) sqf compiling /addons/ai/functions/fnc_hunt.sqf
2024-11-10T21:17:25.837740Z TRACE ThreadId(07) sqf compiling /addons/patrol/XEH_preStart.sqf
2024-11-10T21:17:25.840917Z TRACE ThreadId(16) sqf compiling /addons/adminmenu/functions/fnc_respawn_toggleSpectatorVOIP.sqf
2024-11-10T21:17:25.841330Z TRACE ThreadId(10) sqf compiling /addons/common/functions/fnc_getCfgEntry.sqf
2024-11-10T21:17:25.842350Z TRACE ThreadId(15) sqf compiling /addons/adminmenu/functions/fnc_sideToColor.sqf
2024-11-10T21:17:25.844143Z TRACE ThreadId(09) sqf compiling /addons/modules/XEH_preInit.sqf
2024-11-10T21:17:25.851725Z TRACE ThreadId(14) sqf compiling /addons/common/XEH_preInit.sqf
2024-11-10T21:17:25.855581Z TRACE ThreadId(08) sqf compiling /addons/adminmenu/functions/fnc_respawn.sqf
2024-11-10T21:17:25.860297Z TRACE ThreadId(03) sqf compiling /addons/adminmenu/functions/fnc_log.sqf
2024-11-10T21:17:25.862388Z TRACE ThreadId(12) sqf compiling /addons/assigngear/functions/fnc_gui_gearSelector_loadRoles.sqf
2024-11-10T21:17:25.864015Z TRACE ThreadId(13) sqf compiling /addons/adminmenu/initKeybinds.sqf
2024-11-10T21:17:25.866642Z TRACE ThreadId(07) sqf compiling /addons/patrol/XEH_preInit.sqf
2024-11-10T21:17:25.872626Z TRACE ThreadId(05) sqf compiling /addons/acre2/functions/fnc_testBabel.sqf
2024-11-10T21:17:25.878461Z TRACE ThreadId(02) sqf compiling /addons/ai/functions/fnc_huntInit.sqf
2024-11-10T21:17:25.878461Z TRACE ThreadId(09) sqf compiling /addons/modules/XEH_preStart.sqf
2024-11-10T21:17:25.878466Z TRACE ThreadId(06) sqf compiling /addons/orbat/ui_scripts/OrbatSettings_editOrbatEntryClickCancel.sqf
2024-11-10T21:17:25.883042Z TRACE ThreadId(16) sqf compiling /addons/adminmenu/functions/fnc_utility_heal.sqf
2024-11-10T21:17:25.883115Z TRACE ThreadId(11) sqf compiling /addons/adminmenu/functions/fnc_respawn_factionCategoryChanged.sqf
2024-11-10T21:17:25.886253Z TRACE ThreadId(10) sqf compiling /addons/common/functions/fnc_edenMouseOver.sqf
2024-11-10T21:17:25.887747Z TRACE ThreadId(15) sqf compiling /addons/adminmenu/functions/fnc_getCurrentAdminServer.sqf
2024-11-10T21:17:25.896913Z TRACE ThreadId(04) sqf compiling /addons/adminmenu/functions/fnc_isAuthorized.sqf
2024-11-10T21:17:25.905646Z TRACE ThreadId(03) sqf compiling /addons/adminmenu/functions/fnc_modal_ACRE2Radios.sqf
2024-11-10T21:17:25.905942Z TRACE ThreadId(07) sqf compiling /addons/patrol/functions/fnc_3denPatrol.sqf
2024-11-10T21:17:25.909685Z TRACE ThreadId(12) sqf compiling /addons/assigngear/functions/fnc_overrideProfileItems.sqf
2024-11-10T21:17:25.909701Z TRACE ThreadId(09) sqf compiling /addons/modules/functions/fnc_ambientVehicleInit.sqf
2024-11-10T21:17:25.909738Z TRACE ThreadId(13) sqf compiling /addons/adminmenu/initSettings.sqf
2024-11-10T21:17:25.911787Z TRACE ThreadId(06) sqf compiling /addons/orbat/ui_scripts/UnitMarker.sqf
2024-11-10T21:17:25.921241Z TRACE ThreadId(02) sqf compiling /addons/ai/functions/fnc_rearm.sqf
2024-11-10T21:17:25.921654Z TRACE ThreadId(16) sqf compiling /addons/adminmenu/functions/fnc_playerManagement_updateList.sqf
2024-11-10T21:17:25.930328Z TRACE ThreadId(11) sqf compiling /addons/adminmenu/functions/fnc_respawn_refreshSpectatorList.sqf
2024-11-10T21:17:25.931080Z TRACE ThreadId(15) sqf compiling /addons/adminmenu/functions/fnc_makeZeusServer.sqf
2024-11-10T21:17:25.931459Z TRACE ThreadId(04) sqf compiling /addons/adminmenu/functions/fnc_onLoad.sqf
2024-11-10T21:17:25.933490Z TRACE ThreadId(10) sqf compiling /addons/common/functions/fnc_getNearestRoad.sqf
2024-11-10T21:17:25.933834Z TRACE ThreadId(05) sqf compiling /addons/acre2/functions/fnc_clientInit.sqf
2024-11-10T21:17:25.934315Z TRACE ThreadId(14) sqf compiling /addons/common/XEH_preStart.sqf
2024-11-10T21:17:25.935346Z TRACE ThreadId(07) sqf compiling /addons/patrol/functions/fnc_patrol.sqf
2024-11-10T21:17:25.938443Z TRACE ThreadId(10) sqf compiling /addons/common/functions/fnc_numToTexture.sqf
2024-11-10T21:17:25.946066Z TRACE ThreadId(13) sqf compiling /addons/adminmenu/XEH_preInit.sqf
2024-11-10T21:17:25.946420Z TRACE ThreadId(12) sqf compiling /addons/assigngear/functions/fnc_gui_gearSelector_loadCategories.sqf
2024-11-10T21:17:25.950322Z TRACE ThreadId(10) sqf compiling /addons/common/functions/fnc_evaluateCondArray.sqf
2024-11-10T21:17:25.964202Z TRACE ThreadId(02) sqf compiling /addons/ai/functions/fnc_spawnWave.sqf
2024-11-10T21:17:25.965774Z TRACE ThreadId(17) sqf compiling /addons/orbat/ui_scripts/OrbatSettings_attributeSave.sqf
2024-11-10T21:17:25.968431Z TRACE ThreadId(08) sqf compiling /addons/adminmenu/functions/fnc_messageLog_print.sqf
2024-11-10T21:17:25.975381Z TRACE ThreadId(15) sqf compiling /addons/adminmenu/functions/fnc_utility_quickRespawn_local.sqf
2024-11-10T21:17:25.977035Z TRACE ThreadId(11) sqf compiling /addons/adminmenu/functions/fnc_modalOnUnload.sqf
2024-11-10T21:17:25.981982Z TRACE ThreadId(10) sqf compiling /addons/common/functions/fnc_checkTMFVersion.sqf
2024-11-10T21:17:25.982864Z TRACE ThreadId(14) sqf compiling /addons/common/initSettings.sqf
2024-11-10T21:17:25.985321Z TRACE ThreadId(07) sqf compiling /addons/respawn/XEH_preStart.sqf
2024-11-10T21:17:25.985408Z TRACE ThreadId(12) sqf compiling /addons/assigngear/functions/fnc_gui_gearSelector_loadFactions.sqf
2024-11-10T21:17:25.986530Z TRACE ThreadId(09) sqf compiling /addons/modules/functions/fnc_createAmbientVehicles.sqf
2024-11-10T21:17:25.992481Z TRACE ThreadId(16) sqf compiling /addons/adminmenu/functions/fnc_modalState.sqf
2024-11-10T21:17:25.999191Z TRACE ThreadId(03) sqf compiling /addons/adminmenu/functions/fnc_modal_steamprofile.sqf
2024-11-10T21:17:26.005892Z TRACE ThreadId(17) sqf compiling /addons/orbat/ui_scripts/GroupMarker.sqf
2024-11-10T21:17:26.005997Z TRACE ThreadId(08) sqf compiling /addons/adminmenu/functions/fnc_adminEye_onClick.sqf
2024-11-10T21:17:26.011804Z TRACE ThreadId(11) sqf compiling /addons/adminmenu/functions/fnc_adminEye_draw.sqf
2024-11-10T21:17:26.013580Z TRACE ThreadId(14) sqf compiling /addons/common/XEH_postInit.sqf
2024-11-10T21:17:26.015948Z TRACE ThreadId(10) sqf compiling /addons/common/functions/fnc_edenMouseKeyUp.sqf
2024-11-10T21:17:26.018405Z TRACE ThreadId(04) sqf compiling /addons/adminmenu/functions/fnc_modal_ACRE2Radios_assign.sqf
2024-11-10T21:17:26.020470Z TRACE ThreadId(07) sqf compiling /addons/respawn/XEH_preInit.sqf
2024-11-10T21:17:26.022071Z TRACE ThreadId(15) sqf compiling /addons/adminmenu/functions/fnc_messageLog_printAll.sqf
2024-11-10T21:17:26.024582Z TRACE ThreadId(06) sqf compiling /addons/orbat/ui_scripts/OrbatSettings.sqf
2024-11-10T21:17:26.025690Z TRACE ThreadId(12) sqf compiling /addons/assigngear/functions/fnc_linkItems.sqf
2024-11-10T21:17:26.036911Z TRACE ThreadId(16) sqf compiling /addons/adminmenu/functions/fnc_endMission_commit.sqf
2024-11-10T21:17:26.041882Z TRACE ThreadId(03) sqf compiling /addons/adminmenu/functions/fnc_debounceButton.sqf
2024-11-10T21:17:26.042742Z TRACE ThreadId(02) sqf compiling /addons/ai/functions/fnc_emptyFunction.sqf
2024-11-10T21:17:26.044824Z TRACE ThreadId(08) sqf compiling /addons/adminmenu/functions/fnc_modal_assignGear.sqf
2024-11-10T21:17:26.044997Z TRACE ThreadId(03) sqf compiling /addons/adminmenu/functions/fnc_resyncLog.sqf
2024-11-10T21:17:26.049908Z TRACE ThreadId(13) sqf compiling /addons/adminmenu/XEH_postServerInit.sqf
2024-11-10T21:17:26.050338Z TRACE ThreadId(10) sqf compiling /addons/common/functions/fnc_numToColor.sqf
2024-11-10T21:17:26.051030Z TRACE ThreadId(07) sqf compiling /addons/respawn/XEH_postInit.sqf
2024-11-10T21:17:26.057484Z TRACE ThreadId(12) sqf compiling /addons/assigngear/functions/fnc_moduleAIGear.sqf
2024-11-10T21:17:26.057628Z TRACE ThreadId(14) sqf compiling /addons/common/functions/fnc_sideToColor.sqf
2024-11-10T21:17:26.059304Z TRACE ThreadId(10) sqf compiling /addons/common/functions/fnc_numToSide.sqf
2024-11-10T21:17:26.059607Z TRACE ThreadId(15) sqf compiling /addons/adminmenu/functions/fnc_modal_ACRE2Languages.sqf
2024-11-10T21:17:26.063922Z TRACE ThreadId(04) sqf compiling /addons/adminmenu/functions/fnc_fpsHandlerServer.sqf
2024-11-10T21:17:26.066442Z TRACE ThreadId(09) sqf compiling /addons/orbat/initSettings.sqf
2024-11-10T21:17:26.066737Z TRACE ThreadId(10) sqf compiling /addons/common/functions/fnc_randPosArea.sqf
2024-11-10T21:17:26.066990Z TRACE ThreadId(14) sqf compiling /addons/common/functions/fnc_endMission.sqf
2024-11-10T21:17:26.068637Z TRACE ThreadId(02) sqf compiling /addons/ai/functions/fnc_addWaveHandler.sqf
2024-11-10T21:17:26.077596Z TRACE ThreadId(10) sqf compiling /addons/common/functions/fnc_sideToNum.sqf
2024-11-10T21:17:26.083432Z TRACE ThreadId(10) sqf compiling /addons/common/functions/fnc_checkVersionArray.sqf
2024-11-10T21:17:26.086841Z TRACE ThreadId(03) sqf compiling /addons/adminmenu/functions/fnc_endMission_hunt.sqf
2024-11-10T21:17:26.087424Z TRACE ThreadId(16) sqf compiling /addons/adminmenu/functions/fnc_utility_quickRespawn.sqf
2024-11-10T21:17:26.089234Z TRACE ThreadId(07) sqf compiling /addons/respawn/functions/fnc_respawnWaveServer.sqf
2024-11-10T21:17:26.100208Z TRACE ThreadId(12) sqf compiling /addons/assigngear/functions/fnc_gui_gearSelector_init.sqf
2024-11-10T21:17:26.102642Z TRACE ThreadId(09) sqf compiling /addons/orbat/XEH_postInit.sqf
2024-11-10T21:17:26.103055Z TRACE ThreadId(14) sqf compiling /addons/common/functions/fnc_deserializeWaypoint.sqf
2024-11-10T21:17:26.109246Z TRACE ThreadId(14) sqf compiling /addons/spectator/functions/fnc_mouseHandler.sqf
2024-11-10T21:17:26.110934Z TRACE ThreadId(02) sqf compiling /addons/ai/functions/fnc_removeWaveHandler.sqf
2024-11-10T21:17:26.119676Z TRACE ThreadId(10) sqf compiling /addons/common/functions/fnc_dummy.sqf
2024-11-10T21:17:26.123467Z TRACE ThreadId(11) sqf compiling /addons/adminmenu/functions/fnc_showSubtitle.sqf
2024-11-10T21:17:26.124477Z TRACE ThreadId(16) sqf compiling /addons/adminmenu/functions/fnc_endMission.sqf
2024-11-10T21:17:26.124637Z TRACE ThreadId(04) sqf compiling /addons/adminmenu/functions/fnc_modal_assignTraits.sqf
2024-11-10T21:17:26.126246Z TRACE ThreadId(03) sqf compiling /addons/adminmenu/functions/fnc_adminEye_open.sqf
2024-11-10T21:17:26.127339Z TRACE ThreadId(05) sqf compiling /addons/acre2/functions/fnc_createPresets.sqf
2024-11-10T21:17:26.137315Z TRACE ThreadId(15) sqf compiling /addons/adminmenu/functions/fnc_playerManagement_listSelChange.sqf
2024-11-10T21:17:26.137508Z TRACE ThreadId(07) sqf compiling /addons/respawn/functions/fnc_respawnGroupMarkerUpdate.sqf
2024-11-10T21:17:26.139379Z TRACE ThreadId(13) sqf compiling /addons/adminmenu/XEH_preServerInit.sqf
2024-11-10T21:17:26.146524Z TRACE ThreadId(12) sqf compiling /addons/assigngear/functions/fnc_gui_gearSelector_submit.sqf
2024-11-10T21:17:26.151482Z TRACE ThreadId(02) sqf compiling /addons/ai/functions/fnc_rearmInit.sqf
2024-11-10T21:17:26.152549Z TRACE ThreadId(09) sqf compiling /addons/orbat/XEH_preInit.sqf
2024-11-10T21:17:26.153093Z TRACE ThreadId(17) sqf compiling /addons/orbat/ui_scripts/GroupMarker_attributeLoad.sqf
2024-11-10T21:17:26.153142Z TRACE ThreadId(10) sqf compiling /addons/common/functions/fnc_capitalize.sqf
2024-11-10T21:17:26.155667Z TRACE ThreadId(08) sqf compiling /addons/adminmenu/functions/fnc_claimZeus.sqf
2024-11-10T21:17:26.164385Z TRACE ThreadId(14) sqf compiling /addons/spectator/functions/fnc_onScreen.sqf
2024-11-10T21:17:26.171160Z TRACE ThreadId(10) sqf compiling /addons/common/functions/fnc_edenDisplayFactionIcons.sqf
2024-11-10T21:17:26.175768Z TRACE ThreadId(11) sqf compiling /addons/adminmenu/functions/fnc_respawn_mapLoaded.sqf
2024-11-10T21:17:26.175950Z TRACE ThreadId(16) sqf compiling /addons/adminmenu/functions/fnc_modal_assignGear_listboxRoles.sqf
2024-11-10T21:17:26.176982Z TRACE ThreadId(13) sqf compiling /addons/adminmenu/fnc_isDebugConsoleAllowed.sqf
2024-11-10T21:17:26.177124Z TRACE ThreadId(15) sqf compiling /addons/adminmenu/functions/fnc_respawn_addAction.sqf
2024-11-10T21:17:26.179033Z TRACE ThreadId(07) sqf compiling /addons/respawn/functions/fnc_handleRespawnUI.sqf
2024-11-10T21:17:26.183596Z TRACE ThreadId(12) sqf compiling /addons/assigngear/functions/fnc_setFace.sqf
2024-11-10T21:17:26.183966Z TRACE ThreadId(03) sqf compiling /addons/adminmenu/functions/fnc_utility.sqf
2024-11-10T21:17:26.184940Z TRACE ThreadId(02) sqf compiling /addons/ai/functions/fnc_doArty.sqf
2024-11-10T21:17:26.195106Z TRACE ThreadId(08) sqf compiling /addons/adminmenu/functions/fnc_respawn_refreshGroupBox.sqf
2024-11-10T21:17:26.196458Z TRACE ThreadId(14) sqf compiling /addons/spectator/functions/fnc_drawVehicleMarker.sqf
2024-11-10T21:17:26.196712Z TRACE ThreadId(04) sqf compiling /addons/adminmenu/functions/fnc_modal_teleport.sqf
2024-11-10T21:17:26.198629Z TRACE ThreadId(17) sqf compiling /addons/orbat/ui_scripts/OrbatSettings_editOrbatEntryClickOkay.sqf
2024-11-10T21:17:26.203053Z TRACE ThreadId(05) sqf compiling /addons/acre2/functions/fnc_edenUnitToRadios.sqf
2024-11-10T21:17:26.204311Z TRACE ThreadId(10) sqf compiling /addons/common/functions/fnc_isAdmin.sqf
2024-11-10T21:17:26.208332Z TRACE ThreadId(10) sqf compiling /addons/common/functions/fnc_edenMouseKeyDown.sqf
2024-11-10T21:17:26.215952Z TRACE ThreadId(09) sqf compiling /addons/orbat/XEH_preStart.sqf
2024-11-10T21:17:26.216013Z TRACE ThreadId(13) sqf compiling /addons/adminmenu/XEH_postInit.sqf
2024-11-10T21:17:26.218734Z TRACE ThreadId(11) sqf compiling /addons/adminmenu/functions/fnc_onUnload.sqf
2024-11-10T21:17:26.218883Z TRACE ThreadId(15) sqf compiling /addons/acre2/functions/fnc_testNets.sqf
2024-11-10T21:17:26.222884Z TRACE ThreadId(02) sqf compiling /addons/ai/functions/fnc_garrisonQuantity.sqf
2024-11-10T21:17:26.224016Z TRACE ThreadId(12) sqf compiling /addons/assigngear/functions/fnc_saveRole.sqf
2024-11-10T21:17:26.224859Z TRACE ThreadId(03) sqf compiling /addons/adminmenu/functions/fnc_modalOnLoad.sqf
2024-11-10T21:17:26.227764Z TRACE ThreadId(16) sqf compiling /addons/adminmenu/functions/fnc_selectTab.sqf
2024-11-10T21:17:26.230575Z TRACE ThreadId(14) sqf compiling /addons/spectator/functions/fnc_perFrameHandler.sqf
2024-11-10T21:17:26.238586Z TRACE ThreadId(08) sqf compiling /addons/autotest/functions/fnc_testHCs.sqf
2024-11-10T21:17:26.250272Z TRACE ThreadId(11) sqf compiling /addons/adminmenu/functions/fnc_adminEye_fireTrigger.sqf
2024-11-10T21:17:26.253858Z TRACE ThreadId(05) sqf compiling /addons/orbat/ui_scripts/OrbatSettings_treeAddClick.sqf
2024-11-10T21:17:26.254000Z TRACE ThreadId(03) sqf compiling /addons/ai/XEH_postInit.sqf
2024-11-10T21:17:26.256965Z TRACE ThreadId(17) sqf compiling /addons/orbat/ui_scripts/OrbatSettings_refreshTree.sqf
2024-11-10T21:17:26.260469Z TRACE ThreadId(15) sqf compiling /addons/acre2/ui_scripts/AcreAddRadioActions.sqf
2024-11-10T21:17:26.261570Z TRACE ThreadId(09) sqf compiling /addons/orbat/functions/fnc_findOrbatParent.sqf
2024-11-10T21:17:26.262027Z TRACE ThreadId(16) sqf compiling /addons/assigngear/UI/TMF_RscDisplayAttributesModuleAIGear.sqf
2024-11-10T21:17:26.263119Z TRACE ThreadId(10) sqf compiling /addons/common/functions/fnc_arrayToStringArray.sqf
2024-11-10T21:17:26.271189Z TRACE ThreadId(10) sqf compiling /addons/common/functions/fnc_hideMapObjectsInit.sqf
2024-11-10T21:17:26.273870Z TRACE ThreadId(08) sqf compiling /addons/autotest/functions/fnc_testInit.sqf
2024-11-10T21:17:26.280551Z TRACE ThreadId(14) sqf compiling /addons/spectator/functions/fnc_onEntityKilled.sqf
2024-11-10T21:17:26.282460Z TRACE ThreadId(03) sqf compiling /addons/adminmenu/functions/fnc_respawn_factionChanged.sqf
2024-11-10T21:17:26.283239Z TRACE ThreadId(11) sqf compiling /addons/autotest/XEH_preInit.sqf
2024-11-10T21:17:26.283809Z TRACE ThreadId(12) sqf compiling /addons/assigngear/functions/fnc_helper.sqf
2024-11-10T21:17:26.285106Z TRACE ThreadId(15) sqf compiling /addons/acre2/ui_scripts/RadioChannels.sqf
2024-11-10T21:17:26.296629Z TRACE ThreadId(02) sqf compiling /addons/ai/functions/fnc_waveInit.sqf
2024-11-10T21:17:26.299901Z TRACE ThreadId(13) sqf compiling /addons/adminmenu/functions/fnc_respawn_mapKeyUp.sqf
2024-11-10T21:17:26.300029Z TRACE ThreadId(05) sqf compiling /addons/orbat/ui_scripts/GroupMarker_attributeSave.sqf
2024-11-10T21:17:26.301018Z TRACE ThreadId(09) sqf compiling /addons/orbat/functions/fnc_setMarkerUpdateInterval.sqf
2024-11-10T21:17:26.315045Z TRACE ThreadId(10) sqf compiling /addons/adminmenu/functions/fnc_respawn_mapDrawIcons.sqf
2024-11-10T21:17:26.315619Z TRACE ThreadId(04) sqf compiling /addons/orbat/ui_scripts/OrbatSettings_orbatToggleButton.sqf
2024-11-10T21:17:26.315689Z TRACE ThreadId(08) sqf compiling /addons/autotest/functions/fnc_testDLC.sqf
2024-11-10T21:17:26.319564Z TRACE ThreadId(12) sqf compiling /addons/assigngear/functions/fnc_gui_gearSelector_random.sqf
2024-11-10T21:17:26.322103Z TRACE ThreadId(03) sqf compiling /addons/assigngear/XEH_preInit.sqf
2024-11-10T21:17:26.322232Z TRACE ThreadId(14) sqf compiling /addons/spectator/functions/fnc_updateGroupCache.sqf
2024-11-10T21:17:26.337370Z TRACE ThreadId(09) sqf compiling /addons/orbat/functions/fnc_loadTeams.sqf
2024-11-10T21:17:26.339286Z TRACE ThreadId(05) sqf compiling /addons/spectator/functions/fnc_onLoad.sqf
2024-11-10T21:17:26.342437Z TRACE ThreadId(11) sqf compiling /addons/autotest/XEH_preStart.sqf
2024-11-10T21:17:26.347997Z TRACE ThreadId(13) sqf compiling /addons/adminmenu/functions/fnc_respawn_respawnButton.sqf
2024-11-10T21:17:26.351306Z TRACE ThreadId(12) sqf compiling /addons/orbat/ui_scripts/OrbatSettings_moveTreeDoubleClick.sqf
2024-11-10T21:17:26.359938Z TRACE ThreadId(04) sqf compiling /addons/orbat/ui_scripts/OrbatSettings_onLoad.sqf
2024-11-10T21:17:26.360116Z TRACE ThreadId(02) sqf compiling /addons/ai/functions/fnc_garrison.sqf
2024-11-10T21:17:26.366313Z TRACE ThreadId(08) sqf compiling /addons/autotest/functions/fnc_testEndings.sqf
2024-11-10T21:17:26.367661Z TRACE ThreadId(14) sqf compiling /addons/spectator/functions/fnc_initSpectatorUnit.sqf
2024-11-10T21:17:26.371006Z TRACE ThreadId(11) sqf compiling /addons/autotest/initSettings.sqf
2024-11-10T21:17:26.373232Z TRACE ThreadId(03) sqf compiling /addons/assigngear/XEH_preStart.sqf
2024-11-10T21:17:26.378124Z TRACE ThreadId(09) sqf compiling /addons/orbat/functions/fnc_getGroupMarkerData.sqf
2024-11-10T21:17:26.382717Z TRACE ThreadId(13) sqf compiling /addons/adminmenu/functions/fnc_adminEye_restoreTrigger.sqf
2024-11-10T21:17:26.385505Z TRACE ThreadId(05) sqf compiling /addons/spectator/functions/fnc_createVehicleControl.sqf
2024-11-10T21:17:26.387180Z TRACE ThreadId(08) sqf compiling /addons/briefing/XEH_postInit.sqf
2024-11-10T21:17:26.387856Z TRACE ThreadId(17) sqf compiling /addons/assigngear/UI/TMF_RscAttributeLoadout.sqf
2024-11-10T21:17:26.390467Z TRACE ThreadId(12) sqf compiling /addons/orbat/ui_scripts/OrbatSettings_orbatBinChanged.sqf
2024-11-10T21:17:26.393036Z TRACE ThreadId(10) sqf compiling /addons/orbat/functions/fnc_drawArrayRec.sqf
2024-11-10T21:17:26.394276Z TRACE ThreadId(11) sqf compiling /addons/autotest/functions/fnc_testGroups.sqf
2024-11-10T21:17:26.394833Z TRACE ThreadId(14) sqf compiling /addons/spectator/functions/fnc_onModeSwitch.sqf
2024-11-10T21:17:26.398681Z TRACE ThreadId(16) sqf compiling /addons/assigngear/UI/TMF_RscAttributeRetroactive.sqf
2024-11-10T21:17:26.410980Z TRACE ThreadId(04) sqf compiling /addons/teleport/functions/fnc_init.sqf
2024-11-10T21:17:26.415899Z TRACE ThreadId(02) sqf compiling /addons/ai/functions/fnc_fortify.sqf
2024-11-10T21:17:26.419240Z TRACE ThreadId(13) sqf compiling /addons/assigngear/functions/fnc_loadAssignGear.sqf
2024-11-10T21:17:26.420077Z TRACE ThreadId(08) sqf compiling /addons/briefing/XEH_preInit.sqf
2024-11-10T21:17:26.423422Z TRACE ThreadId(09) sqf compiling /addons/orbat/functions/fnc_setup.sqf
2024-11-10T21:17:26.426409Z TRACE ThreadId(17) sqf compiling /addons/assigngear/UI/TMF_AttributesFaction.sqf
2024-11-10T21:17:26.428031Z TRACE ThreadId(11) sqf compiling /addons/autotest/functions/fnc_autotest.sqf
2024-11-10T21:17:26.428677Z TRACE ThreadId(05) sqf compiling /addons/spectator/functions/fnc_processData.sqf
2024-11-10T21:17:26.429398Z TRACE ThreadId(12) sqf compiling /addons/orbat/ui_scripts/OrbatSettings_move.sqf
2024-11-10T21:17:26.430021Z TRACE ThreadId(16) sqf compiling /addons/assigngear/functions/fnc_loadFactions.sqf
2024-11-10T21:17:26.433967Z TRACE ThreadId(03) sqf compiling /addons/assigngear/XEH_postInit.sqf
2024-11-10T21:17:26.435438Z TRACE ThreadId(10) sqf compiling /addons/orbat/functions/fnc_renameUnitAndGroups.sqf
2024-11-10T21:17:26.435458Z TRACE ThreadId(14) sqf compiling /addons/spectator/functions/fnc_handleUnitList.sqf
2024-11-10T21:17:26.442083Z TRACE ThreadId(10) sqf compiling /addons/orbat/functions/fnc_updateArray.sqf
2024-11-10T21:17:26.445981Z TRACE ThreadId(02) sqf compiling /addons/safestart/functions/pfh_perframe.sqf
2024-11-10T21:17:26.451809Z TRACE ThreadId(08) sqf compiling /addons/briefing/XEH_preStart.sqf
2024-11-10T21:17:26.455104Z TRACE ThreadId(04) sqf compiling /addons/teleport/functions/fnc_paraDrop.sqf
2024-11-10T21:17:26.462474Z TRACE ThreadId(05) sqf compiling /addons/spectator/functions/fnc_onChange.sqf
2024-11-10T21:17:26.462563Z TRACE ThreadId(11) sqf compiling /addons/autotest/functions/fnc_testAI.sqf
2024-11-10T21:17:26.465845Z TRACE ThreadId(03) sqf compiling /addons/teleport/XEH_preInit.sqf
2024-11-10T21:17:26.470755Z TRACE ThreadId(13) sqf compiling /addons/assigngear/functions/fnc_cacheAssignGear.sqf
2024-11-10T21:17:26.470836Z TRACE ThreadId(17) sqf compiling /addons/assigngear/UI/TMF_RscAttributeFaction.sqf
2024-11-10T21:17:26.470853Z TRACE ThreadId(16) sqf compiling /addons/assigngear/functions/fnc_replacePrimaryWeapon.sqf
2024-11-10T21:17:26.473845Z TRACE ThreadId(02) sqf compiling /addons/safestart/functions/pfh_start.sqf
2024-11-10T21:17:26.475740Z TRACE ThreadId(07) sqf compiling /addons/respawn/functions/fnc_loadGear.sqf
2024-11-10T21:17:26.478700Z TRACE ThreadId(14) sqf compiling /addons/spectator/functions/fnc_drawUnitMarker.sqf
2024-11-10T21:17:26.479287Z TRACE ThreadId(08) sqf compiling /addons/briefing/ui_scripts/BriefingSettings.sqf
2024-11-10T21:17:26.481916Z TRACE ThreadId(04) sqf compiling /addons/teleport/functions/fnc_paradropEffect.sqf
2024-11-10T21:17:26.483366Z TRACE ThreadId(10) sqf compiling /addons/assigngear/functions/fnc_vehicleGear_init.sqf
2024-11-10T21:17:26.490592Z TRACE ThreadId(11) sqf compiling /addons/assigngear/functions/fnc_onEdenMissionChange.sqf
2024-11-10T21:17:26.490626Z TRACE ThreadId(05) sqf compiling /addons/teleport/XEH_preStart.sqf
2024-11-10T21:17:26.495169Z TRACE ThreadId(03) sqf compiling /addons/teleport/functions/fnc_serverInit.sqf
2024-11-10T21:17:26.506762Z TRACE ThreadId(13) sqf compiling /addons/assigngear/functions/fnc_AIGearEH.sqf
2024-11-10T21:17:26.508138Z TRACE ThreadId(07) sqf compiling /addons/respawn/functions/fnc_respawnLocalClient.sqf
2024-11-10T21:17:26.509948Z TRACE ThreadId(16) sqf compiling /addons/briefing/functions/fnc_createCreditsPage.sqf
2024-11-10T21:17:26.511012Z TRACE ThreadId(17) sqf compiling /addons/chat/initSettings.sqf
2024-11-10T21:17:26.512243Z TRACE ThreadId(04) sqf compiling /addons/zeus/XEH_preStart.sqf
2024-11-10T21:17:26.515257Z TRACE ThreadId(09) sqf compiling /addons/safestart/XEH_preStart.sqf
2024-11-10T21:17:26.516460Z TRACE ThreadId(10) sqf compiling /addons/assigngear/functions/fnc_replaceEquipment.sqf
2024-11-10T21:17:26.517834Z TRACE ThreadId(14) sqf compiling /addons/spectator/functions/fnc_zeusUnload.sqf
2024-11-10T21:17:26.518020Z TRACE ThreadId(11) sqf compiling /addons/assigngear/functions/fnc_setUnitTrait.sqf
2024-11-10T21:17:26.522306Z TRACE ThreadId(05) sqf compiling /addons/assigngear/functions/fnc_addItems.sqf
2024-11-10T21:17:26.524522Z TRACE ThreadId(03) sqf compiling /addons/teleport/functions/fnc_onAction.sqf
2024-11-10T21:17:26.524830Z TRACE ThreadId(02) sqf compiling /addons/safestart/functions/fnc_set.sqf
2024-11-10T21:17:26.543900Z TRACE ThreadId(13) sqf compiling /addons/assigngear/functions/fnc_assignGear.sqf
2024-11-10T21:17:26.544224Z TRACE ThreadId(04) sqf compiling /addons/zeus/XEH_preInit.sqf
2024-11-10T21:17:26.544805Z TRACE ThreadId(16) sqf compiling /addons/briefing/functions/fnc_vehiclePage.sqf
2024-11-10T21:17:26.549988Z TRACE ThreadId(09) sqf compiling /addons/safestart/initSettings.sqf
2024-11-10T21:17:26.550623Z TRACE ThreadId(14) sqf compiling /addons/spectator/functions/fnc_objectiveModule.sqf
2024-11-10T21:17:26.550668Z TRACE ThreadId(02) sqf compiling /addons/safestart/functions/fnc_moduleInit.sqf
2024-11-10T21:17:26.550866Z TRACE ThreadId(17) sqf compiling /addons/chat/functions/fnc_cmndTp.sqf
2024-11-10T21:17:26.551459Z TRACE ThreadId(11) sqf compiling /addons/assigngear/functions/fnc_gui_vehicleGear_save.sqf
2024-11-10T21:17:26.552867Z TRACE ThreadId(05) sqf compiling /addons/assigngear/functions/fnc_replaceSecondaryWeapon.sqf
2024-11-10T21:17:26.554102Z TRACE ThreadId(03) sqf compiling /addons/teleport/functions/fnc_deployInit.sqf
2024-11-10T21:17:26.554971Z TRACE ThreadId(12) sqf compiling /addons/orbat/ui_scripts/OrbatSettings_treeMoveClick.sqf
2024-11-10T21:17:26.565267Z TRACE ThreadId(07) sqf compiling /addons/respawn/functions/fnc_respawnDrawMapIcons.sqf
2024-11-10T21:17:26.565267Z TRACE ThreadId(10) sqf compiling /addons/assigngear/functions/fnc_gui_vehicleGear_selector.sqf
2024-11-10T21:17:26.580815Z TRACE ThreadId(02) sqf compiling /addons/safestart/functions/fnc_briefingText.sqf
2024-11-10T21:17:26.582176Z TRACE ThreadId(04) sqf compiling /addons/zeus/functions/fnc_toggleAllStaticsZeus.sqf
2024-11-10T21:17:26.582461Z TRACE ThreadId(09) sqf compiling /addons/safestart/functions/fnc_end.sqf
2024-11-10T21:17:26.582972Z TRACE ThreadId(03) sqf compiling /addons/teleport/functions/fnc_paradropWaypoint.sqf
2024-11-10T21:17:26.583782Z TRACE ThreadId(05) sqf compiling /addons/assigngear/functions/fnc_loadRoles.sqf
2024-11-10T21:17:26.584068Z TRACE ThreadId(14) sqf compiling /addons/spectator/functions/fnc_createGroupControl.sqf
2024-11-10T21:17:26.584150Z TRACE ThreadId(11) sqf compiling /addons/assigngear/functions/fnc_setGoggles.sqf
2024-11-10T21:17:26.588388Z TRACE ThreadId(17) sqf compiling /addons/chat/functions/fnc_cmndRadio.sqf
2024-11-10T21:17:26.602601Z TRACE ThreadId(12) sqf compiling /addons/orbat/ui_scripts/UnitMarker_onLoad.sqf
2024-11-10T21:17:26.611042Z TRACE ThreadId(04) sqf compiling /addons/zeus/functions/fnc_toggleAllUnitsZeusServer.sqf
2024-11-10T21:17:26.611279Z TRACE ThreadId(09) sqf compiling /addons/safestart/functions/fnc_isActive.sqf
2024-11-10T21:17:26.612919Z TRACE ThreadId(02) sqf compiling /addons/safestart/functions/pfh_exit.sqf
2024-11-10T21:17:26.613652Z TRACE ThreadId(07) sqf compiling /addons/safestart/XEH_preInit.sqf
2024-11-10T21:17:26.617608Z TRACE ThreadId(03) sqf compiling /addons/teleport/functions/fnc_playerInit.sqf
2024-11-10T21:17:26.620681Z TRACE ThreadId(14) sqf compiling /addons/spectator/functions/fnc_keyhandler.sqf
2024-11-10T21:17:26.620728Z TRACE ThreadId(05) sqf compiling /addons/briefing/functions/fnc_generateBriefing.sqf
2024-11-10T21:17:26.622066Z TRACE ThreadId(13) sqf compiling /addons/assigngear/functions/fnc_initAIGear.sqf
2024-11-10T21:17:26.628855Z TRACE ThreadId(17) sqf compiling /addons/chat/functions/fnc_findMatch.sqf
2024-11-10T21:17:26.631926Z TRACE ThreadId(11) sqf compiling /addons/orbat/ui_scripts/UnitMarker_attributeLoad.sqf
2024-11-10T21:17:26.634627Z TRACE ThreadId(12) sqf compiling /addons/assigngear/functions/fnc_setInsignia.sqf
2024-11-10T21:17:26.641427Z TRACE ThreadId(09) sqf compiling /addons/safestart/functions/fnc_init.sqf
2024-11-10T21:17:26.641930Z TRACE ThreadId(16) sqf compiling /addons/briefing/functions/fnc_testBriefings.sqf
2024-11-10T21:17:26.643984Z TRACE ThreadId(02) sqf compiling /addons/spectator/XEH_preInit.sqf
2024-11-10T21:17:26.644800Z TRACE ThreadId(04) sqf compiling /addons/zeus/functions/fnc_toggleACRESpectator.sqf
2024-11-10T21:17:26.646535Z TRACE ThreadId(04) sqf compiling /addons/zeus/functions/fnc_openedZeusServer.sqf
2024-11-10T21:17:26.665441Z TRACE ThreadId(11) sqf compiling /addons/assigngear/functions/fnc_loadFactionCategories.sqf
2024-11-10T21:17:26.665808Z TRACE ThreadId(05) sqf compiling /addons/briefing/functions/fnc_generateLoadoutPage.sqf
2024-11-10T21:17:26.665864Z TRACE ThreadId(12) sqf compiling /addons/safestart/functions/fnc_timeRemaining.sqf
2024-11-10T21:17:26.665873Z TRACE ThreadId(17) sqf compiling /addons/chat/functions/fnc_cmndRP.sqf
2024-11-10T21:17:26.666167Z TRACE ThreadId(13) sqf compiling /addons/spectator/functions/fnc_testSpectator.sqf
2024-11-10T21:17:26.673488Z TRACE ThreadId(04) sqf compiling /addons/zeus/functions/fnc_openedZeus.sqf
2024-11-10T21:17:26.673941Z TRACE ThreadId(09) sqf compiling /addons/spectator/functions/fnc_controlSetPicture.sqf
2024-11-10T21:17:26.677540Z TRACE ThreadId(07) sqf compiling /addons/spectator/functions/fnc_createUnitNode.sqf
2024-11-10T21:17:26.684671Z TRACE ThreadId(03) sqf compiling /addons/spectator/functions/fnc_createUnitControl.sqf
2024-11-10T21:17:26.691754Z TRACE ThreadId(16) sqf compiling /addons/chat/initCommands.sqf
2024-11-10T21:17:26.696429Z TRACE ThreadId(12) sqf compiling /addons/assigngear/functions/fnc_testGear.sqf
2024-11-10T21:17:26.698421Z TRACE ThreadId(14) sqf compiling /addons/spectator/functions/fnc_menuHandler.sqf
2024-11-10T21:17:26.702728Z TRACE ThreadId(17) sqf compiling /addons/chat/functions/fnc_cmndWhisper.sqf
2024-11-10T21:17:26.702829Z TRACE ThreadId(13) sqf compiling /addons/spectator/functions/fnc_updateKillList.sqf
2024-11-10T21:17:26.705577Z TRACE ThreadId(10) sqf compiling /addons/assigngear/functions/fnc_initNamespace.sqf
2024-11-10T21:17:26.707346Z TRACE ThreadId(04) sqf compiling /addons/zeus/functions/fnc_toggleAllStaticsZeusServer.sqf
2024-11-10T21:17:26.707716Z TRACE ThreadId(08) sqf compiling /addons/spectator/functions/fnc_isOpen.sqf
2024-11-10T21:17:26.708423Z TRACE ThreadId(11) sqf compiling /addons/spectator/functions/fnc_onFired.sqf
2024-11-10T21:17:26.714401Z TRACE ThreadId(07) sqf compiling /addons/spectator/functions/fnc_drawGroupMarker.sqf
2024-11-10T21:17:26.714460Z TRACE ThreadId(03) sqf compiling /addons/spectator/functions/fnc_drawMap.sqf
2024-11-10T21:17:26.715640Z TRACE ThreadId(05) sqf compiling /addons/briefing/functions/fnc_unitPage.sqf
2024-11-10T21:17:26.730653Z TRACE ThreadId(16) sqf compiling /addons/chat/XEH_preInit.sqf
2024-11-10T21:17:26.734566Z TRACE ThreadId(08) sqf compiling /addons/spectator/functions/fnc_getGroupClusters.sqf
2024-11-10T21:17:26.734611Z TRACE ThreadId(09) sqf compiling /addons/spectator/functions/fnc_onMapClick.sqf
2024-11-10T21:17:26.734752Z TRACE ThreadId(02) sqf compiling /addons/spectator/initSettings.sqf
2024-11-10T21:17:26.734795Z TRACE ThreadId(10) sqf compiling /addons/spectator/functions/fnc_setTarget.sqf
2024-11-10T21:17:26.740042Z TRACE ThreadId(11) sqf compiling /addons/spectator/functions/fnc_init.sqf
2024-11-10T21:17:26.740106Z TRACE ThreadId(17) sqf compiling /addons/spectator/functions/fnc_toggleUI.sqf
2024-11-10T21:17:26.740449Z TRACE ThreadId(08) sqf compiling /addons/spectator/functions/fnc_getCameraPos.sqf
2024-11-10T21:17:26.741488Z TRACE ThreadId(13) sqf compiling /addons/spectator/functions/fnc_controlSetText.sqf
2024-11-10T21:17:26.745431Z TRACE ThreadId(07) sqf compiling /addons/spectator/functions/fnc_getCardinal.sqf
2024-11-10T21:17:26.750520Z TRACE ThreadId(07) sqf compiling /addons/spectator/functions/fnc_drawTags.sqf
2024-11-10T21:17:26.753579Z TRACE ThreadId(04) sqf compiling /addons/zeus/functions/fnc_toggleAllUnitsZeus.sqf
2024-11-10T21:17:26.756114Z TRACE ThreadId(14) sqf compiling /addons/spectator/functions/fnc_handleCamera.sqf
2024-11-10T21:17:26.766920Z TRACE ThreadId(03) sqf compiling /addons/spectator/functions/fnc_createGroupNode.sqf
2024-11-10T21:17:26.766987Z TRACE ThreadId(02) sqf compiling /addons/spectator/XEH_preStart.sqf
2024-11-10T21:17:26.767324Z TRACE ThreadId(09) sqf compiling /addons/chat/XEH_preStart.sqf
2024-11-10T21:17:26.770291Z TRACE ThreadId(17) sqf compiling /addons/spectator/XEH_clientPostInit.sqf
2024-11-10T21:17:26.772177Z TRACE ThreadId(13) sqf compiling /addons/spectator/XEH_postInit.sqf
2024-11-10T21:17:26.968030Z  INFO ThreadId(01) Compiled 366 sqf files
2024-11-10T21:17:26.968203Z TRACE ThreadId(01) phase: pre_build (SQF) (done)
2024-11-10T21:17:26.968207Z TRACE ThreadId(01) phase: pre_build (Rapifier) (start)
2024-11-10T21:17:26.968213Z DEBUG ThreadId(01) rapify disabled for acre2
2024-11-10T21:17:26.968218Z DEBUG ThreadId(01) rapify disabled for adminmenu
2024-11-10T21:17:26.978827Z DEBUG ThreadId(01) rapify disabled for assigngear
2024-11-10T21:17:26.978835Z DEBUG ThreadId(01) rapify disabled for autotest
2024-11-10T21:17:26.978838Z DEBUG ThreadId(01) rapify disabled for briefing
2024-11-10T21:17:27.021094Z DEBUG ThreadId(01) rapify disabled for orbat
2024-11-10T21:17:27.021108Z DEBUG ThreadId(01) rapify disabled for patrol
2024-11-10T21:17:27.021111Z DEBUG ThreadId(01) rapify disabled for respawn
2024-11-10T21:17:27.021114Z DEBUG ThreadId(01) rapify disabled for safestart
2024-11-10T21:17:27.021117Z DEBUG ThreadId(01) rapify disabled for spectator
2024-11-10T21:17:27.080375Z  INFO ThreadId(01) Rapified 9 addon configs
2024-11-10T21:17:27.080510Z TRACE ThreadId(01) phase: pre_build (Rapifier) (done)
2024-11-10T21:17:27.080515Z TRACE ThreadId(01) phase: pre_build (Binarize) (start)
2024-11-10T21:17:27.080551Z TRACE ThreadId(01) phase: pre_build (Binarize) (done)
2024-11-10T21:17:27.080554Z TRACE ThreadId(01) phase: pre_build (Files) (start)
2024-11-10T21:17:27.080587Z TRACE ThreadId(01) phase: pre_build (Files) (done)
2024-11-10T21:17:27.080667Z TRACE ThreadId(01) phase: build (start)
2024-11-10T21:17:27.082853Z DEBUG ThreadId(01) creating "G:\\dev\\TMF\\.hemttout\\build\\addons"
2024-11-10T21:17:27.083019Z DEBUG ThreadId(01) building "addons/acre2" => "G:\\dev\\TMF\\.hemttout\\build\\addons\\tmf_acre2.pbo"
2024-11-10T21:17:27.091475Z TRACE ThreadId(01) adding file "Cfg3DEN.hpp"
2024-11-10T21:17:27.091807Z TRACE ThreadId(01) adding file "XEH_PREP.hpp"
2024-11-10T21:17:27.092469Z TRACE ThreadId(01) adding file "XEH_postInit.sqfc"
2024-11-10T21:17:27.092484Z TRACE ThreadId(01) adding file "XEH_preStart.sqfc"
2024-11-10T21:17:27.092654Z TRACE ThreadId(01) adding file "autotest.hpp"
2024-11-10T21:17:27.092968Z TRACE ThreadId(01) adding file "CfgLoadouts.hpp"
2024-11-10T21:17:27.093129Z TRACE ThreadId(01) adding file "XEH_preInit.sqfc"
2024-11-10T21:17:27.093297Z TRACE ThreadId(01) adding file "script_component.hpp"
2024-11-10T21:17:27.093761Z TRACE ThreadId(01) adding file "CfgEventHandlers.hpp"
2024-11-10T21:17:27.094075Z TRACE ThreadId(01) adding file "display3DEN.hpp"
2024-11-10T21:17:27.094384Z TRACE ThreadId(01) adding file "XEH_preInit.sqf"
2024-11-10T21:17:27.094698Z TRACE ThreadId(01) adding file "XEH_postInit.sqf"
2024-11-10T21:17:27.095009Z TRACE ThreadId(01) adding file "XEH_preStart.sqf"
2024-11-10T21:17:27.095407Z TRACE ThreadId(01) adding file "config.cpp"
2024-11-10T21:17:27.095568Z TRACE ThreadId(01) adding file "ui_scripts\\BabelSettings.sqfc"
2024-11-10T21:17:27.095581Z TRACE ThreadId(01) adding file "ui_scripts\\AcreAddRadioActions.sqfc"
2024-11-10T21:17:27.095590Z TRACE ThreadId(01) adding file "ui_scripts\\RadioChannels.sqfc"
2024-11-10T21:17:27.095759Z TRACE ThreadId(01) adding file "ui_scripts\\AcreAddRadioActions.sqf"
2024-11-10T21:17:27.096072Z TRACE ThreadId(01) adding file "ui_scripts\\RadioChannels.sqf"
2024-11-10T21:17:27.096380Z TRACE ThreadId(01) adding file "ui_scripts\\BabelSettings.sqf"
2024-11-10T21:17:27.096702Z TRACE ThreadId(01) adding file "ui\\RadioIcon_Radio.png"
2024-11-10T21:17:27.097022Z TRACE ThreadId(01) adding file "ui\\bable_on.png"
2024-11-10T21:17:27.097339Z TRACE ThreadId(01) adding file "ui\\RadioIcon_Leader_Small.png"
2024-11-10T21:17:27.097653Z TRACE ThreadId(01) adding file "ui\\RadioIcon_Radio.paa"
2024-11-10T21:17:27.103163Z TRACE ThreadId(01) adding file "ui\\RadioIcon_Leader_Small.paa"
2024-11-10T21:17:27.106751Z TRACE ThreadId(01) adding file "ui\\RadioIcon_Leader.png"
2024-11-10T21:17:27.107081Z TRACE ThreadId(01) adding file "ui\\bable_off.png"
2024-11-10T21:17:27.107400Z TRACE ThreadId(01) adding file "ui\\bable_partial.png"
2024-11-10T21:17:27.107765Z TRACE ThreadId(01) adding file "ui\\RadioIcon_Partial_Small.png"
2024-11-10T21:17:27.108088Z TRACE ThreadId(01) adding file "ui\\bable_on.paa"
2024-11-10T21:17:27.111298Z TRACE ThreadId(01) adding file "ui\\RadioIcon_Partial.paa"
2024-11-10T21:17:27.114926Z TRACE ThreadId(01) adding file "ui\\RadioIcon_Radio_Small.paa"
2024-11-10T21:17:27.118198Z TRACE ThreadId(01) adding file "ui\\RadioIcon_Partial.png"
2024-11-10T21:17:27.118517Z TRACE ThreadId(01) adding file "ui\\RadioIcon_None.paa"
2024-11-10T21:17:27.122337Z TRACE ThreadId(01) adding file "ui\\RadioIcon_None.png"
2024-11-10T21:17:27.122662Z TRACE ThreadId(01) adding file "ui\\bable_off.paa"
2024-11-10T21:17:27.126501Z TRACE ThreadId(01) adding file "ui\\RadioIcon_Partial_Small.paa"
2024-11-10T21:17:27.130076Z TRACE ThreadId(01) adding file "ui\\RadioIcon_Leader.paa"
2024-11-10T21:17:27.133630Z TRACE ThreadId(01) adding file "ui\\RadioIcon_Radio_Small.png"
2024-11-10T21:17:27.133949Z TRACE ThreadId(01) adding file "ui\\RadioIcon_None_Small.paa"
2024-11-10T21:17:27.137229Z TRACE ThreadId(01) adding file "ui\\bable_partial.paa"
2024-11-10T21:17:27.140404Z TRACE ThreadId(01) adding file "ui\\RadioIcon_None_Small.png"
2024-11-10T21:17:27.140726Z TRACE ThreadId(01) adding file "functions\\fnc_edenUnitToRadios.sqf"
2024-11-10T21:17:27.140889Z TRACE ThreadId(01) adding file "functions\\fnc_edenUnitToRadios.sqfc"
2024-11-10T21:17:27.140903Z TRACE ThreadId(01) adding file "functions\\fnc_unitToPreset.sqfc"
2024-11-10T21:17:27.141067Z TRACE ThreadId(01) adding file "functions\\fnc_unitToPreset.sqf"
2024-11-10T21:17:27.141228Z TRACE ThreadId(01) adding file "functions\\fnc_testBabel.sqfc"
2024-11-10T21:17:27.141395Z TRACE ThreadId(01) adding file "functions\\fnc_clientInit.sqf"
2024-11-10T21:17:27.141557Z TRACE ThreadId(01) adding file "functions\\fnc_clientInit.sqfc"
2024-11-10T21:17:27.141726Z TRACE ThreadId(01) adding file "functions\\fnc_createPresets.sqf"
2024-11-10T21:17:27.141886Z TRACE ThreadId(01) adding file "functions\\fnc_testNets.sqfc"
2024-11-10T21:17:27.141897Z TRACE ThreadId(01) adding file "functions\\fnc_createPresets.sqfc"
2024-11-10T21:17:27.142063Z TRACE ThreadId(01) adding file "functions\\fnc_testBabel.sqf"
2024-11-10T21:17:27.142375Z TRACE ThreadId(01) adding file "functions\\fnc_testNets.sqf"
2024-11-10T21:17:27.144912Z DEBUG ThreadId(01) "G:\\dev\\TMF\\.hemttout\\build\\addons" already exists
2024-11-10T21:17:27.144922Z DEBUG ThreadId(01) building "addons/adminmenu" => "G:\\dev\\TMF\\.hemttout\\build\\addons\\tmf_adminmenu.pbo"
2024-11-10T21:17:27.161796Z TRACE ThreadId(01) adding file "config.cpp"
2024-11-10T21:17:27.161968Z TRACE ThreadId(01) adding file "initKeybinds.sqfc"
2024-11-10T21:17:27.161978Z TRACE ThreadId(01) adding file "XEH_preServerInit.sqfc"
2024-11-10T21:17:27.161987Z TRACE ThreadId(01) adding file "fnc_isDebugConsoleAllowed.sqfc"
2024-11-10T21:17:27.162151Z TRACE ThreadId(01) adding file "CfgFunctions.hpp"
2024-11-10T21:17:27.162962Z TRACE ThreadId(01) adding file "square_ca.paa"
2024-11-10T21:17:27.167176Z TRACE ThreadId(01) adding file "XEH_PREP.hpp"
2024-11-10T21:17:27.167531Z TRACE ThreadId(01) adding file "debriefAdminLog.inc"
2024-11-10T21:17:27.167884Z TRACE ThreadId(01) adding file "CfgEventHandlers.hpp"
2024-11-10T21:17:27.168206Z TRACE ThreadId(01) adding file "fnc_isDebugConsoleAllowed.sqf"
2024-11-10T21:17:27.168381Z TRACE ThreadId(01) adding file "XEH_postInit.sqfc"
2024-11-10T21:17:27.168555Z TRACE ThreadId(01) adding file "XEH_postServerInit.sqf"
2024-11-10T21:17:27.168905Z TRACE ThreadId(01) adding file "autotest.hpp"
2024-11-10T21:17:27.169231Z TRACE ThreadId(01) adding file "initSettings.sqf"
2024-11-10T21:17:27.169554Z TRACE ThreadId(01) adding file "initSettings.sqfc"
2024-11-10T21:17:27.169727Z TRACE ThreadId(01) adding file "XEH_postInit.sqf"
2024-11-10T21:17:27.170046Z TRACE ThreadId(01) adding file "XEH_preInit.sqf"
2024-11-10T21:17:27.170378Z TRACE ThreadId(01) adding file "XEH_preServerInit.sqf"
2024-11-10T21:17:27.170706Z TRACE ThreadId(01) adding file "XEH_preInit.sqfc"
2024-11-10T21:17:27.170927Z TRACE ThreadId(01) adding file "initKeybinds.sqf"
2024-11-10T21:17:27.171256Z TRACE ThreadId(01) adding file "script_component.hpp"
2024-11-10T21:17:27.171417Z TRACE ThreadId(01) adding file "XEH_postServerInit.sqfc"
2024-11-10T21:17:27.171581Z TRACE ThreadId(01) adding file "CfgDebriefing.hpp"
2024-11-10T21:17:27.171741Z TRACE ThreadId(01) adding file "functions\\fnc_resyncLog.sqfc"
2024-11-10T21:17:27.171913Z TRACE ThreadId(01) adding file "functions\\fnc_adminEye_onLoad.sqf"
2024-11-10T21:17:27.172076Z TRACE ThreadId(01) adding file "functions\\fnc_messageLog_print.sqfc"
2024-11-10T21:17:27.172248Z TRACE ThreadId(01) adding file "functions\\fnc_respawn_respawnButton.sqf"
2024-11-10T21:17:27.172414Z TRACE ThreadId(01) adding file "functions\\fnc_adminEye_draw.sqfc"
2024-11-10T21:17:27.172425Z TRACE ThreadId(01) adding file "functions\\fnc_getCurrentAdminServer.sqfc"
2024-11-10T21:17:27.172600Z TRACE ThreadId(01) adding file "functions\\fnc_utility_quickRespawn.sqf"
2024-11-10T21:17:27.172764Z TRACE ThreadId(01) adding file "functions\\fnc_modal_ACRE2Radios.sqfc"
2024-11-10T21:17:27.172931Z TRACE ThreadId(01) adding file "functions\\fnc_utility_heal.sqf"
2024-11-10T21:17:27.173249Z TRACE ThreadId(01) adding file "functions\\fnc_modal_ACRE2Radios_assign.sqf"
2024-11-10T21:17:27.173415Z TRACE ThreadId(01) adding file "functions\\fnc_remoteControl.sqfc"
2024-11-10T21:17:27.173427Z TRACE ThreadId(01) adding file "functions\\fnc_respawn_mapKeyUp.sqfc"
2024-11-10T21:17:27.173594Z TRACE ThreadId(01) adding file "functions\\fnc_endMission_hunt.sqf"
2024-11-10T21:17:27.173910Z TRACE ThreadId(01) adding file "functions\\fnc_debounceButton.sqf"
2024-11-10T21:17:27.174225Z TRACE ThreadId(01) adding file "functions\\fnc_modalOnUnload.sqf"
2024-11-10T21:17:27.174545Z TRACE ThreadId(01) adding file "functions\\fnc_endMission_sideSpecificLocal.sqf"
2024-11-10T21:17:27.174868Z TRACE ThreadId(01) adding file "functions\\fnc_messageLog.sqf"
2024-11-10T21:17:27.175032Z TRACE ThreadId(01) adding file "functions\\fnc_utility_heal.sqfc"
2024-11-10T21:17:27.175203Z TRACE ThreadId(01) adding file "functions\\fnc_respawn_refreshFactionCategory.sqf"
2024-11-10T21:17:27.175521Z TRACE ThreadId(01) adding file "functions\\fnc_modal_assignTraits.sqf"
2024-11-10T21:17:27.175836Z TRACE ThreadId(01) adding file "functions\\fnc_respawn_removeAction.sqf"
2024-11-10T21:17:27.176000Z TRACE ThreadId(01) adding file "functions\\fnc_modal_teleport.sqfc"
2024-11-10T21:17:27.176012Z TRACE ThreadId(01) adding file "functions\\fnc_modal_assignGear_listboxFactions.sqfc"
2024-11-10T21:17:27.176178Z TRACE ThreadId(01) adding file "functions\\fnc_utility.sqf"
2024-11-10T21:17:27.176490Z TRACE ThreadId(01) adding file "functions\\fnc_claimZeus.sqf"
2024-11-10T21:17:27.176652Z TRACE ThreadId(01) adding file "functions\\fnc_adminEye_open.sqfc"
2024-11-10T21:17:27.176663Z TRACE ThreadId(01) adding file "functions\\fnc_claimZeus.sqfc"
2024-11-10T21:17:27.176672Z TRACE ThreadId(01) adding file "functions\\fnc_modalOnUnload.sqfc"
2024-11-10T21:17:27.176680Z TRACE ThreadId(01) adding file "functions\\fnc_getCurrentAdminClient.sqfc"
2024-11-10T21:17:27.176689Z TRACE ThreadId(01) adding file "functions\\fnc_modal_ACRE2Radios_assign.sqfc"
2024-11-10T21:17:27.176698Z TRACE ThreadId(01) adding file "functions\\fnc_selectTab.sqfc"
2024-11-10T21:17:27.176865Z TRACE ThreadId(01) adding file "functions\\fnc_modalOnLoad.sqf"
2024-11-10T21:17:27.177028Z TRACE ThreadId(01) adding file "functions\\fnc_adminEye_restoreTrigger.sqfc"
2024-11-10T21:17:27.177196Z TRACE ThreadId(01) adding file "functions\\fnc_modal_ACRE2Radios.sqf"
2024-11-10T21:17:27.177528Z TRACE ThreadId(01) adding file "functions\\fnc_respawn_factionCategoryChanged.sqf"
2024-11-10T21:17:27.177695Z TRACE ThreadId(01) adding file "functions\\fnc_respawn_refreshSpectatorList.sqfc"
2024-11-10T21:17:27.177707Z TRACE ThreadId(01) adding file "functions\\fnc_respawn_refreshGroupBox.sqfc"
2024-11-10T21:17:27.177715Z TRACE ThreadId(01) adding file "functions\\fnc_adminEye_onKeyPress.sqfc"
2024-11-10T21:17:27.177726Z TRACE ThreadId(01) adding file "functions\\fnc_showSubtitle.sqfc"
2024-11-10T21:17:27.177894Z TRACE ThreadId(01) adding file "functions\\fnc_playerManagement.sqf"
2024-11-10T21:17:27.178235Z TRACE ThreadId(01) adding file "functions\\fnc_sideToColor.sqf"
2024-11-10T21:17:27.178552Z TRACE ThreadId(01) adding file "functions\\fnc_modal_ACRE2Languages_assign.sqf"
2024-11-10T21:17:27.178871Z TRACE ThreadId(01) adding file "functions\\fnc_utility_quickRespawn_local.sqf"
2024-11-10T21:17:27.179035Z TRACE ThreadId(01) adding file "functions\\fnc_onLoad.sqfc"
2024-11-10T21:17:27.179047Z TRACE ThreadId(01) adding file "functions\\fnc_modal.sqfc"
2024-11-10T21:17:27.179056Z TRACE ThreadId(01) adding file "functions\\fnc_respawn_mapLoaded.sqfc"
2024-11-10T21:17:27.179065Z TRACE ThreadId(01) adding file "functions\\fnc_endMission_sideSpecificLocal.sqfc"
2024-11-10T21:17:27.179237Z TRACE ThreadId(01) adding file "functions\\fnc_modal_assignGear_listboxFactions.sqf"
2024-11-10T21:17:27.179556Z TRACE ThreadId(01) adding file "functions\\fnc_endMission.sqf"
2024-11-10T21:17:27.179872Z TRACE ThreadId(01) adding file "functions\\fnc_getCurrentAdminClient.sqf"
2024-11-10T21:17:27.180188Z TRACE ThreadId(01) adding file "functions\\fnc_respawn.sqf"
2024-11-10T21:17:27.180352Z TRACE ThreadId(01) adding file "functions\\fnc_endMission_hunt.sqfc"
2024-11-10T21:17:27.180363Z TRACE ThreadId(01) adding file "functions\\fnc_modal_assignTraits.sqfc"
2024-11-10T21:17:27.180531Z TRACE ThreadId(01) adding file "functions\\fnc_respawn_factionChanged.sqf"
2024-11-10T21:17:27.180696Z TRACE ThreadId(01) adding file "functions\\fnc_modal_message.sqfc"
2024-11-10T21:17:27.180862Z TRACE ThreadId(01) adding file "functions\\fnc_modal_assignGear.sqf"
2024-11-10T21:17:27.181026Z TRACE ThreadId(01) adding file "functions\\fnc_sideToColor.sqfc"
2024-11-10T21:17:27.181037Z TRACE ThreadId(01) adding file "functions\\fnc_modal_ACRE2Languages.sqfc"
2024-11-10T21:17:27.181046Z TRACE ThreadId(01) adding file "functions\\fnc_modal_steamprofile.sqfc"
2024-11-10T21:17:27.181054Z TRACE ThreadId(01) adding file "functions\\fnc_playerManagement.sqfc"
2024-11-10T21:17:27.181223Z TRACE ThreadId(01) adding file "functions\\fnc_resyncLog.sqf"
2024-11-10T21:17:27.181541Z TRACE ThreadId(01) adding file "functions\\fnc_respawn_mapDrawIcons.sqf"
2024-11-10T21:17:27.181859Z TRACE ThreadId(01) adding file "functions\\fnc_modal_message.sqf"
2024-11-10T21:17:27.182173Z TRACE ThreadId(01) adding file "functions\\fnc_makeZeusServer.sqf"
2024-11-10T21:17:27.182486Z TRACE ThreadId(01) adding file "functions\\fnc_respawn_addAction.sqf"
2024-11-10T21:17:27.182678Z TRACE ThreadId(01) adding file "functions\\fnc_keyPressed.sqfc"
2024-11-10T21:17:27.182859Z TRACE ThreadId(01) adding file "functions\\fnc_adminEye_onClick.sqf"
2024-11-10T21:17:27.183023Z TRACE ThreadId(01) adding file "functions\\fnc_endMission_occluder.sqfc"
2024-11-10T21:17:27.183034Z TRACE ThreadId(01) adding file "functions\\fnc_fpsHandlerServer.sqfc"
2024-11-10T21:17:27.183043Z TRACE ThreadId(01) adding file "functions\\fnc_utility.sqfc"
2024-11-10T21:17:27.183051Z TRACE ThreadId(01) adding file "functions\\fnc_adminEye_onClick.sqfc"
2024-11-10T21:17:27.183060Z TRACE ThreadId(01) adding file "functions\\fnc_respawn_factionChanged.sqfc"
2024-11-10T21:17:27.183228Z TRACE ThreadId(01) adding file "functions\\fnc_modal_teleport.sqf"
2024-11-10T21:17:27.183543Z TRACE ThreadId(01) adding file "functions\\fnc_modal.sqf"
2024-11-10T21:17:27.183706Z TRACE ThreadId(01) adding file "functions\\fnc_log.sqfc"
2024-11-10T21:17:27.183873Z TRACE ThreadId(01) adding file "functions\\fnc_selectTab.sqf"
2024-11-10T21:17:27.184037Z TRACE ThreadId(01) adding file "functions\\fnc_playerManagement_listSelChange.sqfc"
2024-11-10T21:17:27.184048Z TRACE ThreadId(01) adding file "functions\\fnc_isAuthorized.sqfc"
2024-11-10T21:17:27.184213Z TRACE ThreadId(01) adding file "functions\\fnc_modal_assignGear_listboxRoles.sqf"
2024-11-10T21:17:27.184528Z TRACE ThreadId(01) adding file "functions\\fnc_onUnload.sqf"
2024-11-10T21:17:27.184841Z TRACE ThreadId(01) adding file "functions\\fnc_respawn_refreshGroupBox.sqf"
2024-11-10T21:17:27.185042Z TRACE ThreadId(01) adding file "functions\\fnc_endMission.sqfc"
2024-11-10T21:17:27.185055Z TRACE ThreadId(01) adding file "functions\\fnc_respawn_mapClick.sqfc"
2024-11-10T21:17:27.185218Z TRACE ThreadId(01) adding file "functions\\fnc_dashboard.sqf"
2024-11-10T21:17:27.185530Z TRACE ThreadId(01) adding file "functions\\fnc_isAuthorized.sqf"
2024-11-10T21:17:27.185691Z TRACE ThreadId(01) adding file "functions\\fnc_respawn_toggleSpectatorVOIP.sqfc"
2024-11-10T21:17:27.185862Z TRACE ThreadId(01) adding file "functions\\fnc_playerManagement_listSelChange.sqf"
2024-11-10T21:17:27.186180Z TRACE ThreadId(01) adding file "functions\\fnc_respawn_toggleSpectatorVOIP.sqf"
2024-11-10T21:17:27.186497Z TRACE ThreadId(01) adding file "functions\\fnc_remoteControl.sqf"
2024-11-10T21:17:27.186814Z TRACE ThreadId(01) adding file "functions\\fnc_endMission_occluder.sqf"
2024-11-10T21:17:27.187139Z TRACE ThreadId(01) adding file "functions\\fnc_showSubtitle.sqf"
2024-11-10T21:17:27.187301Z TRACE ThreadId(01) adding file "functions\\fnc_dashboard.sqfc"
2024-11-10T21:17:27.187313Z TRACE ThreadId(01) adding file "functions\\fnc_modalState.sqfc"
2024-11-10T21:17:27.187321Z TRACE ThreadId(01) adding file "functions\\fnc_modal_assignGear.sqfc"
2024-11-10T21:17:27.187330Z TRACE ThreadId(01) adding file "functions\\fnc_adminEye_fireTrigger.sqfc"
2024-11-10T21:17:27.187339Z TRACE ThreadId(01) adding file "functions\\fnc_respawn.sqfc"
2024-11-10T21:17:27.187504Z TRACE ThreadId(01) adding file "functions\\fnc_utility_grantzeus.sqf"
2024-11-10T21:17:27.187667Z TRACE ThreadId(01) adding file "functions\\fnc_respawn_respawnButton.sqfc"
2024-11-10T21:17:27.187680Z TRACE ThreadId(01) adding file "functions\\fnc_respawn_refreshFactionCategory.sqfc"
2024-11-10T21:17:27.187688Z TRACE ThreadId(01) adding file "functions\\fnc_onUnload.sqfc"
2024-11-10T21:17:27.187697Z TRACE ThreadId(01) adding file "functions\\fnc_respawn_removeAction.sqfc"
2024-11-10T21:17:27.187862Z TRACE ThreadId(01) adding file "functions\\fnc_adminEye_open.sqf"
2024-11-10T21:17:27.188023Z TRACE ThreadId(01) adding file "functions\\fnc_respawn_addAction.sqfc"
2024-11-10T21:17:27.188034Z TRACE ThreadId(01) adding file "functions\\fnc_adminEye_onLoad.sqfc"
2024-11-10T21:17:27.188202Z TRACE ThreadId(01) adding file "functions\\fnc_playerManagement_updateList.sqf"
2024-11-10T21:17:27.188364Z TRACE ThreadId(01) adding file "functions\\fnc_utility_quickRespawn.sqfc"
2024-11-10T21:17:27.188376Z TRACE ThreadId(01) adding file "functions\\fnc_modal_runCode.sqfc"
2024-11-10T21:17:27.188542Z TRACE ThreadId(01) adding file "functions\\fnc_respawn_mapKeyUp.sqf"
2024-11-10T21:17:27.188703Z TRACE ThreadId(01) adding file "functions\\fnc_utility_grantzeus.sqfc"
2024-11-10T21:17:27.188871Z TRACE ThreadId(01) adding file "functions\\fnc_respawn_mapLoaded.sqf"
2024-11-10T21:17:27.189188Z TRACE ThreadId(01) adding file "functions\\fnc_adminEye_onKeyPress.sqf"
2024-11-10T21:17:27.189506Z TRACE ThreadId(01) adding file "functions\\fnc_getCurrentAdminServer.sqf"
2024-11-10T21:17:27.189821Z TRACE ThreadId(01) adding file "functions\\fnc_keyPressed.sqf"
2024-11-10T21:17:27.190135Z TRACE ThreadId(01) adding file "functions\\fnc_log.sqf"
2024-11-10T21:17:27.190296Z TRACE ThreadId(01) adding file "functions\\fnc_debounceButton.sqfc"
2024-11-10T21:17:27.190307Z TRACE ThreadId(01) adding file "functions\\fnc_respawn_factionCategoryChanged.sqfc"
2024-11-10T21:17:27.190316Z TRACE ThreadId(01) adding file "functions\\fnc_respawn_mapDrawIcons.sqfc"
2024-11-10T21:17:27.190324Z TRACE ThreadId(01) adding file "functions\\fnc_messageLog_printAll.sqfc"
2024-11-10T21:17:27.190494Z TRACE ThreadId(01) adding file "functions\\fnc_respawn_refreshSpectatorList.sqf"
2024-11-10T21:17:27.190659Z TRACE ThreadId(01) adding file "functions\\fnc_modal_ACRE2Languages_assign.sqfc"
2024-11-10T21:17:27.190834Z TRACE ThreadId(01) adding file "functions\\fnc_adminEye_restoreTrigger.sqf"
2024-11-10T21:17:27.191148Z TRACE ThreadId(01) adding file "functions\\fnc_endMission_commit.sqf"
2024-11-10T21:17:27.191495Z TRACE ThreadId(01) adding file "functions\\fnc_remoteControl_dialog.sqf"
2024-11-10T21:17:27.191660Z TRACE ThreadId(01) adding file "functions\\fnc_makeZeusServer.sqfc"
2024-11-10T21:17:27.191672Z TRACE ThreadId(01) adding file "functions\\fnc_modal_assignGear_listboxRoles.sqfc"
2024-11-10T21:17:27.191837Z TRACE ThreadId(01) adding file "functions\\fnc_respawn_mapClick.sqf"
2024-11-10T21:17:27.192152Z TRACE ThreadId(01) adding file "functions\\fnc_onLoad.sqf"
2024-11-10T21:17:27.192314Z TRACE ThreadId(01) adding file "functions\\fnc_messageLog.sqfc"
2024-11-10T21:17:27.192325Z TRACE ThreadId(01) adding file "functions\\fnc_endMission_commit.sqfc"
2024-11-10T21:17:27.192492Z TRACE ThreadId(01) adding file "functions\\fnc_fpsHandlerServer.sqf"
2024-11-10T21:17:27.192654Z TRACE ThreadId(01) adding file "functions\\fnc_modalOnLoad.sqfc"
2024-11-10T21:17:27.192821Z TRACE ThreadId(01) adding file "functions\\fnc_modal_steamprofile.sqf"
2024-11-10T21:17:27.193153Z TRACE ThreadId(01) adding file "functions\\fnc_modal_runCode.sqf"
2024-11-10T21:17:27.193318Z TRACE ThreadId(01) adding file "functions\\fnc_utility_quickRespawn_local.sqfc"
2024-11-10T21:17:27.193486Z TRACE ThreadId(01) adding file "functions\\fnc_adminEye_draw.sqf"
2024-11-10T21:17:27.193800Z TRACE ThreadId(01) adding file "functions\\fnc_messageLog_print.sqf"
2024-11-10T21:17:27.194113Z TRACE ThreadId(01) adding file "functions\\fnc_modalState.sqf"
2024-11-10T21:17:27.194275Z TRACE ThreadId(01) adding file "functions\\fnc_remoteControl_dialog.sqfc"
2024-11-10T21:17:27.194442Z TRACE ThreadId(01) adding file "functions\\fnc_messageLog_printAll.sqf"
2024-11-10T21:17:27.194757Z TRACE ThreadId(01) adding file "functions\\fnc_modal_ACRE2Languages.sqf"
2024-11-10T21:17:27.194920Z TRACE ThreadId(01) adding file "functions\\fnc_playerManagement_updateList.sqfc"
2024-11-10T21:17:27.195086Z TRACE ThreadId(01) adding file "functions\\fnc_adminEye_fireTrigger.sqf"
2024-11-10T21:17:27.195403Z TRACE ThreadId(01) adding file "gui\\messageLog.hpp"
2024-11-10T21:17:27.195713Z TRACE ThreadId(01) adding file "gui\\modal.hpp"
2024-11-10T21:17:27.196020Z TRACE ThreadId(01) adding file "gui\\respawn.hpp"
2024-11-10T21:17:27.196331Z TRACE ThreadId(01) adding file "gui\\playerManagement.hpp"
2024-11-10T21:17:27.196642Z TRACE ThreadId(01) adding file "gui\\endMission.hpp"
2024-11-10T21:17:27.196952Z TRACE ThreadId(01) adding file "gui\\dashboard_table.hpp"
2024-11-10T21:17:27.197261Z TRACE ThreadId(01) adding file "gui\\adminMenu.hpp"
2024-11-10T21:17:27.197567Z TRACE ThreadId(01) adding file "gui\\dashboard.hpp"
2024-11-10T21:17:27.201454Z DEBUG ThreadId(01) "G:\\dev\\TMF\\.hemttout\\build\\addons" already exists
2024-11-10T21:17:27.201463Z DEBUG ThreadId(01) building "addons/ai" => "G:\\dev\\TMF\\.hemttout\\build\\addons\\tmf_ai.pbo"
2024-11-10T21:17:27.207347Z TRACE ThreadId(01) adding file "CfgWaypoints.hpp"
2024-11-10T21:17:27.207511Z TRACE ThreadId(01) adding file "XEH_preInit.sqfc"
2024-11-10T21:17:27.208190Z TRACE ThreadId(01) adding file "XEH_preInit.sqf"
2024-11-10T21:17:27.208495Z TRACE ThreadId(01) adding file "XEH_PREP.hpp"
2024-11-10T21:17:27.208964Z TRACE ThreadId(01) adding file "CfgModules.hpp"
2024-11-10T21:17:27.209122Z TRACE ThreadId(01) adding file "config.bin"
2024-11-10T21:17:27.209287Z TRACE ThreadId(01) adding file "CfgEventHandlers.hpp"
2024-11-10T21:17:27.209593Z TRACE ThreadId(01) adding file "XEH_preStart.sqf"
2024-11-10T21:17:27.209902Z TRACE ThreadId(01) adding file "XEH_postInit.sqf"
2024-11-10T21:17:27.210059Z TRACE ThreadId(01) adding file "XEH_postInit.sqfc"
2024-11-10T21:17:27.210069Z TRACE ThreadId(01) adding file "XEH_preStart.sqfc"
2024-11-10T21:17:27.210376Z TRACE ThreadId(01) adding file "script_component.hpp"
2024-11-10T21:17:27.210683Z TRACE ThreadId(01) adding file "modules\\arty.hpp"
2024-11-10T21:17:27.210989Z TRACE ThreadId(01) adding file "modules\\rearm.hpp"
2024-11-10T21:17:27.211294Z TRACE ThreadId(01) adding file "modules\\garrison.hpp"
2024-11-10T21:17:27.211600Z TRACE ThreadId(01) adding file "modules\\huntModule.hpp"
2024-11-10T21:17:27.211909Z TRACE ThreadId(01) adding file "modules\\waveSpawner.hpp"
2024-11-10T21:17:27.212216Z TRACE ThreadId(01) adding file "modules\\area.hpp"
2024-11-10T21:17:27.212525Z TRACE ThreadId(01) adding file "functions\\fnc_rearmInit.sqf"
2024-11-10T21:17:27.212687Z TRACE ThreadId(01) adding file "functions\\fnc_addWaveHandler.sqfc"
2024-11-10T21:17:27.212698Z TRACE ThreadId(01) adding file "functions\\fnc_rearm.sqfc"
2024-11-10T21:17:27.212861Z TRACE ThreadId(01) adding file "functions\\fnc_removeWaveHandler.sqf"
2024-11-10T21:17:27.213328Z TRACE ThreadId(01) adding file "functions\\fnc_rearm.sqf"
2024-11-10T21:17:27.213612Z TRACE ThreadId(01) adding file "functions\\fnc_garrison.sqfc"
2024-11-10T21:17:27.213628Z TRACE ThreadId(01) adding file "functions\\fnc_arty.sqfc"
2024-11-10T21:17:27.213817Z TRACE ThreadId(01) adding file "functions\\fnc_addWaveHandler.sqf"
2024-11-10T21:17:27.214165Z TRACE ThreadId(01) adding file "functions\\fnc_spawnWave.sqf"
2024-11-10T21:17:27.214513Z TRACE ThreadId(01) adding file "functions\\fnc_huntLoop.sqf"
2024-11-10T21:17:27.214709Z TRACE ThreadId(01) adding file "functions\\fnc_removeWaveHandler.sqfc"
2024-11-10T21:17:27.214725Z TRACE ThreadId(01) adding file "functions\\fnc_rearmInit.sqfc"
2024-11-10T21:17:27.214734Z TRACE ThreadId(01) adding file "functions\\fnc_huntLoop.sqfc"
2024-11-10T21:17:27.214901Z TRACE ThreadId(01) adding file "functions\\fnc_garrison.sqf"
2024-11-10T21:17:27.215061Z TRACE ThreadId(01) adding file "functions\\fnc_emptyFunction.sqfc"
2024-11-10T21:17:27.215230Z TRACE ThreadId(01) adding file "functions\\fnc_hunt.sqf"
2024-11-10T21:17:27.215392Z TRACE ThreadId(01) adding file "functions\\fnc_spawnWave.sqfc"
2024-11-10T21:17:27.215403Z TRACE ThreadId(01) adding file "functions\\fnc_doArty.sqfc"
2024-11-10T21:17:27.215569Z TRACE ThreadId(01) adding file "functions\\fnc_emptyFunction.sqf"
2024-11-10T21:17:27.215732Z TRACE ThreadId(01) adding file "functions\\fnc_garrisonQuantity.sqfc"
2024-11-10T21:17:27.215743Z TRACE ThreadId(01) adding file "functions\\fnc_fortify.sqfc"
2024-11-10T21:17:27.215751Z TRACE ThreadId(01) adding file "functions\\fnc_waveInit.sqfc"
2024-11-10T21:17:27.215759Z TRACE ThreadId(01) adding file "functions\\fnc_huntInit.sqfc"
2024-11-10T21:17:27.215924Z TRACE ThreadId(01) adding file "functions\\fnc_huntInit.sqf"
2024-11-10T21:17:27.216238Z TRACE ThreadId(01) adding file "functions\\fnc_garrisonQuantity.sqf"
2024-11-10T21:17:27.216401Z TRACE ThreadId(01) adding file "functions\\fnc_hunt.sqfc"
2024-11-10T21:17:27.216568Z TRACE ThreadId(01) adding file "functions\\fnc_arty.sqf"
2024-11-10T21:17:27.216882Z TRACE ThreadId(01) adding file "functions\\fnc_fortify.sqf"
2024-11-10T21:17:27.217195Z TRACE ThreadId(01) adding file "functions\\fnc_waveInit.sqf"
2024-11-10T21:17:27.217505Z TRACE ThreadId(01) adding file "functions\\fnc_doArty.sqf"
2024-11-10T21:17:27.219292Z DEBUG ThreadId(01) "G:\\dev\\TMF\\.hemttout\\build\\addons" already exists
2024-11-10T21:17:27.219302Z DEBUG ThreadId(01) building "addons/assigngear" => "G:\\dev\\TMF\\.hemttout\\build\\addons\\tmf_assigngear.pbo"
2024-11-10T21:17:27.232944Z TRACE ThreadId(01) adding file "XEH_PREP.hpp"
2024-11-10T21:17:27.233506Z TRACE ThreadId(01) adding file "config.cpp"
2024-11-10T21:17:27.234330Z TRACE ThreadId(01) adding file "XEH_postInit.sqfc"
2024-11-10T21:17:27.234497Z TRACE ThreadId(01) adding file "CfgRemoteExec.hpp"
2024-11-10T21:17:27.234809Z TRACE ThreadId(01) adding file "CfgModules.hpp"
2024-11-10T21:17:27.235124Z TRACE ThreadId(01) adding file "CfgEventHandlers.hpp"
2024-11-10T21:17:27.235439Z TRACE ThreadId(01) adding file "XEH_preInit.sqf"
2024-11-10T21:17:27.235750Z TRACE ThreadId(01) adding file "display3DEN.hpp"
2024-11-10T21:17:27.236057Z TRACE ThreadId(01) adding file "autotest.hpp"
2024-11-10T21:17:27.236367Z TRACE ThreadId(01) adding file "CfgLoadouts.hpp"
2024-11-10T21:17:27.236680Z TRACE ThreadId(01) adding file "XEH_postInit.sqf"
2024-11-10T21:17:27.236840Z TRACE ThreadId(01) adding file "XEH_preStart.sqfc"
2024-11-10T21:17:27.236855Z TRACE ThreadId(01) adding file "XEH_preInit.sqfc"
2024-11-10T21:17:27.237021Z TRACE ThreadId(01) adding file "Cfg3DEN.hpp"
2024-11-10T21:17:27.237477Z TRACE ThreadId(01) adding file "AIGear.hpp"
2024-11-10T21:17:27.237789Z TRACE ThreadId(01) adding file "script_component.hpp"
2024-11-10T21:17:27.238099Z TRACE ThreadId(01) adding file "XEH_preStart.sqf"
2024-11-10T21:17:27.238415Z TRACE ThreadId(01) adding file "CfgFaceSets.hpp"
2024-11-10T21:17:27.238726Z TRACE ThreadId(01) adding file "CfgScriptPaths.hpp"
2024-11-10T21:17:27.239042Z TRACE ThreadId(01) adding file "modules\\aigear.hpp"
2024-11-10T21:17:27.239361Z TRACE ThreadId(01) adding file "UI\\TMF_AttributesFaction.sqf"
2024-11-10T21:17:27.239679Z TRACE ThreadId(01) adding file "UI\\TMF_RscAttributeLoadout.hpp"
2024-11-10T21:17:27.239842Z TRACE ThreadId(01) adding file "UI\\TMF_RscAttributeLoadout.sqfc"
2024-11-10T21:17:27.240010Z TRACE ThreadId(01) adding file "UI\\RscDisplayArsenal.hpp"
2024-11-10T21:17:27.240172Z TRACE ThreadId(01) adding file "UI\\TMF_RscDisplayAttributesModuleAIGear.sqfc"
2024-11-10T21:17:27.240184Z TRACE ThreadId(01) adding file "UI\\TMF_RscAttributeFaction.sqfc"
2024-11-10T21:17:27.240351Z TRACE ThreadId(01) adding file "UI\\TMF_RscAttributeLoadout.sqf"
2024-11-10T21:17:27.240661Z TRACE ThreadId(01) adding file "UI\\gearSelector.hpp"
2024-11-10T21:17:27.240976Z TRACE ThreadId(01) adding file "UI\\TMF_RscAttributeFaction.sqf"
2024-11-10T21:17:27.241294Z TRACE ThreadId(01) adding file "UI\\TMF_RscAttributeFaction.hpp"
2024-11-10T21:17:27.241613Z TRACE ThreadId(01) adding file "UI\\TMF_RscDisplayAttributesModuleAIGear.hpp"
2024-11-10T21:17:27.241931Z TRACE ThreadId(01) adding file "UI\\gui.hpp"
2024-11-10T21:17:27.242093Z TRACE ThreadId(01) adding file "UI\\TMF_RscAttributeRetroactive.sqfc"
2024-11-10T21:17:27.242264Z TRACE ThreadId(01) adding file "UI\\TMF_RscDisplayAttributesModuleAIGear.sqf"
2024-11-10T21:17:27.242592Z TRACE ThreadId(01) adding file "UI\\TMF_RscAttributeRetroactive.sqf"
2024-11-10T21:17:27.242933Z TRACE ThreadId(01) adding file "UI\\TMF_RscAttributeRetroactive.hpp"
2024-11-10T21:17:27.243107Z TRACE ThreadId(01) adding file "UI\\TMF_AttributesFaction.sqfc"
2024-11-10T21:17:27.243120Z TRACE ThreadId(01) adding file "functions\\fnc_setInsignia.sqfc"
2024-11-10T21:17:27.243129Z TRACE ThreadId(01) adding file "functions\\fnc_replacePrimaryWeapon.sqfc"
2024-11-10T21:17:27.243138Z TRACE ThreadId(01) adding file "functions\\fnc_replaceEquipment.sqfc"
2024-11-10T21:17:27.243147Z TRACE ThreadId(01) adding file "functions\\fnc_gui_gearSelector_loadCategories.sqfc"
2024-11-10T21:17:27.243157Z TRACE ThreadId(01) adding file "functions\\fnc_gui_vehicleGear_selector.sqfc"
2024-11-10T21:17:27.243348Z TRACE ThreadId(01) adding file "functions\\fnc_gui_vehicleGear_selector.sqf"
2024-11-10T21:17:27.243679Z TRACE ThreadId(01) adding file "functions\\fnc_setGoggles.sqf"
2024-11-10T21:17:27.244191Z TRACE ThreadId(01) adding file "functions\\fnc_setInsignia.sqf"
2024-11-10T21:17:27.244650Z TRACE ThreadId(01) adding file "functions\\fnc_testGear.sqf"
2024-11-10T21:17:27.244991Z TRACE ThreadId(01) adding file "functions\\fnc_gui_gearSelector_loadRoles.sqf"
2024-11-10T21:17:27.245163Z TRACE ThreadId(01) adding file "functions\\fnc_onEdenMessageRecieved.sqfc"
2024-11-10T21:17:27.245176Z TRACE ThreadId(01) adding file "functions\\fnc_setGoggles.sqfc"
2024-11-10T21:17:27.245186Z TRACE ThreadId(01) adding file "functions\\fnc_moduleAIGear.sqfc"
2024-11-10T21:17:27.245358Z TRACE ThreadId(01) adding file "functions\\fnc_loadAssignGear.sqf"
2024-11-10T21:17:27.245522Z TRACE ThreadId(01) adding file "functions\\fnc_gui_gearSelector_submit.sqfc"
2024-11-10T21:17:27.245693Z TRACE ThreadId(01) adding file "functions\\fnc_loadFactionCategories.sqf"
2024-11-10T21:17:27.245857Z TRACE ThreadId(01) adding file "functions\\fnc_setUnitTrait.sqfc"
2024-11-10T21:17:27.246031Z TRACE ThreadId(01) adding file "functions\\fnc_gui_gearSelector_loadFactions.sqf"
2024-11-10T21:17:27.246197Z TRACE ThreadId(01) adding file "functions\\fnc_gui_gearSelector_random.sqfc"
2024-11-10T21:17:27.246367Z TRACE ThreadId(01) adding file "functions\\fnc_AIGearEH.sqf"
2024-11-10T21:17:27.246536Z TRACE ThreadId(01) adding file "functions\\fnc_addBackpackItems.sqfc"
2024-11-10T21:17:27.246548Z TRACE ThreadId(01) adding file "functions\\fnc_AIGearEH.sqfc"
2024-11-10T21:17:27.246715Z TRACE ThreadId(01) adding file "functions\\fnc_cacheAssignGear.sqf"
2024-11-10T21:17:27.246879Z TRACE ThreadId(01) adding file "functions\\fnc_gui_gearSelector_init.sqfc"
2024-11-10T21:17:27.247060Z TRACE ThreadId(01) adding file "functions\\fnc_gui_gearSelector_random.sqf"
2024-11-10T21:17:27.247376Z TRACE ThreadId(01) adding file "functions\\fnc_initNamespace.sqf"
2024-11-10T21:17:27.247694Z TRACE ThreadId(01) adding file "functions\\fnc_loadFactions.sqf"
2024-11-10T21:17:27.248010Z TRACE ThreadId(01) adding file "functions\\fnc_replaceSidearmWeapon.sqf"
2024-11-10T21:17:27.248327Z TRACE ThreadId(01) adding file "functions\\fnc_setFace.sqf"
2024-11-10T21:17:27.248642Z TRACE ThreadId(01) adding file "functions\\fnc_assignGear.sqf"
2024-11-10T21:17:27.248956Z TRACE ThreadId(01) adding file "functions\\fnc_gearSelector.sqf"
2024-11-10T21:17:27.249269Z TRACE ThreadId(01) adding file "functions\\fnc_replaceEquipment.sqf"
2024-11-10T21:17:27.249431Z TRACE ThreadId(01) adding file "functions\\fnc_saveRole.sqfc"
2024-11-10T21:17:27.249443Z TRACE ThreadId(01) adding file "functions\\fnc_loadRoles.sqfc"
2024-11-10T21:17:27.249451Z TRACE ThreadId(01) adding file "functions\\fnc_assignGear.sqfc"
2024-11-10T21:17:27.249460Z TRACE ThreadId(01) adding file "functions\\fnc_setFace.sqfc"
2024-11-10T21:17:27.249629Z TRACE ThreadId(01) adding file "functions\\fnc_gui_vehicleGear_load.sqf"
2024-11-10T21:17:27.249944Z TRACE ThreadId(01) adding file "functions\\fnc_replacePrimaryWeapon.sqf"
2024-11-10T21:17:27.250107Z TRACE ThreadId(01) adding file "functions\\fnc_vehicleGear_init.sqfc"
2024-11-10T21:17:27.250274Z TRACE ThreadId(01) adding file "functions\\fnc_overrideProfileItems.sqf"
2024-11-10T21:17:27.250436Z TRACE ThreadId(01) adding file "functions\\fnc_addItems.sqfc"
2024-11-10T21:17:27.250447Z TRACE ThreadId(01) adding file "functions\\fnc_helper.sqfc"
2024-11-10T21:17:27.250614Z TRACE ThreadId(01) adding file "functions\\fnc_gui_gearSelector_submit.sqf"
2024-11-10T21:17:27.250930Z TRACE ThreadId(01) adding file "functions\\fnc_onEdenMissionChange.sqf"
2024-11-10T21:17:27.251094Z TRACE ThreadId(01) adding file "functions\\fnc_gui_vehicleGear_load.sqfc"
2024-11-10T21:17:27.251261Z TRACE ThreadId(01) adding file "functions\\fnc_linkItems.sqf"
2024-11-10T21:17:27.251572Z TRACE ThreadId(01) adding file "functions\\fnc_saveRole.sqf"
2024-11-10T21:17:27.251888Z TRACE ThreadId(01) adding file "functions\\fnc_gui_gearSelector_loadCategories.sqf"
2024-11-10T21:17:27.252206Z TRACE ThreadId(01) adding file "functions\\fnc_loadRoles.sqf"
2024-11-10T21:17:27.252524Z TRACE ThreadId(01) adding file "functions\\fnc_replaceSecondaryWeapon.sqf"
2024-11-10T21:17:27.252688Z TRACE ThreadId(01) adding file "functions\\fnc_gui_gearSelector_loadFactions.sqfc"
2024-11-10T21:17:27.252854Z TRACE ThreadId(01) adding file "functions\\fnc_addBackpackItems.sqf"
2024-11-10T21:17:27.253171Z TRACE ThreadId(01) adding file "functions\\fnc_gui_gearSelector_init.sqf"
2024-11-10T21:17:27.253519Z TRACE ThreadId(01) adding file "functions\\fnc_addItems.sqf"
2024-11-10T21:17:27.253682Z TRACE ThreadId(01) adding file "functions\\fnc_linkItems.sqfc"
2024-11-10T21:17:27.253849Z TRACE ThreadId(01) adding file "functions\\fnc_setUnitTrait.sqf"
2024-11-10T21:17:27.254163Z TRACE ThreadId(01) adding file "functions\\fnc_moduleAIGear.sqf"
2024-11-10T21:17:27.254479Z TRACE ThreadId(01) adding file "functions\\fnc_onEdenMessageRecieved.sqf"
2024-11-10T21:17:27.254800Z TRACE ThreadId(01) adding file "functions\\fnc_vehicleGear_init.sqf"
2024-11-10T21:17:27.255115Z TRACE ThreadId(01) adding file "functions\\fnc_gui_vehicleGear_save.sqf"
2024-11-10T21:17:27.255279Z TRACE ThreadId(01) adding file "functions\\fnc_gui_gearSelector_loadRoles.sqfc"
2024-11-10T21:17:27.255291Z TRACE ThreadId(01) adding file "functions\\fnc_initAIGear.sqfc"
2024-11-10T21:17:27.255303Z TRACE ThreadId(01) adding file "functions\\fnc_replaceSidearmWeapon.sqfc"
2024-11-10T21:17:27.255314Z TRACE ThreadId(01) adding file "functions\\fnc_onEdenMissionChange.sqfc"
2024-11-10T21:17:27.255323Z TRACE ThreadId(01) adding file "functions\\fnc_gui_vehicleGear_save.sqfc"
2024-11-10T21:17:27.255331Z TRACE ThreadId(01) adding file "functions\\fnc_loadFactionCategories.sqfc"
2024-11-10T21:17:27.255497Z TRACE ThreadId(01) adding file "functions\\fnc_helper.sqf"
2024-11-10T21:17:27.255659Z TRACE ThreadId(01) adding file "functions\\fnc_initNamespace.sqfc"
2024-11-10T21:17:27.255670Z TRACE ThreadId(01) adding file "functions\\fnc_cacheAssignGear.sqfc"
2024-11-10T21:17:27.255679Z TRACE ThreadId(01) adding file "functions\\fnc_loadAssignGear.sqfc"
2024-11-10T21:17:27.255843Z TRACE ThreadId(01) adding file "functions\\fnc_initAIGear.sqf"
2024-11-10T21:17:27.256005Z TRACE ThreadId(01) adding file "functions\\fnc_testGear.sqfc"
2024-11-10T21:17:27.256017Z TRACE ThreadId(01) adding file "functions\\fnc_replaceSecondaryWeapon.sqfc"
2024-11-10T21:17:27.256026Z TRACE ThreadId(01) adding file "functions\\fnc_loadFactions.sqfc"
2024-11-10T21:17:27.256035Z TRACE ThreadId(01) adding file "functions\\fnc_overrideProfileItems.sqfc"
2024-11-10T21:17:27.256044Z TRACE ThreadId(01) adding file "functions\\fnc_gearSelector.sqfc"
2024-11-10T21:17:27.256224Z TRACE ThreadId(01) adding file "loadouts\\opf_f.hpp"
2024-11-10T21:17:27.256531Z TRACE ThreadId(01) adding file "loadouts\\fia_f.hpp"
2024-11-10T21:17:27.256839Z TRACE ThreadId(01) adding file "loadouts\\civ_f.hpp"
2024-11-10T21:17:27.257143Z TRACE ThreadId(01) adding file "loadouts\\blu_f.hpp"
2024-11-10T21:17:27.257447Z TRACE ThreadId(01) adding file "loadouts\\ind_f.hpp"
2024-11-10T21:17:27.257753Z TRACE ThreadId(01) adding file "loadouts\\macros.inc"
2024-11-10T21:17:27.260618Z DEBUG ThreadId(01) "G:\\dev\\TMF\\.hemttout\\build\\addons" already exists
2024-11-10T21:17:27.260627Z DEBUG ThreadId(01) building "addons/autotest" => "G:\\dev\\TMF\\.hemttout\\build\\addons\\tmf_autotest.pbo"
2024-11-10T21:17:27.264630Z TRACE ThreadId(01) adding file "initSettings.sqfc"
2024-11-10T21:17:27.264893Z TRACE ThreadId(01) adding file "config.cpp"
2024-11-10T21:17:27.265054Z TRACE ThreadId(01) adding file "XEH_preInit.sqfc"
2024-11-10T21:17:27.265216Z TRACE ThreadId(01) adding file "autotest.hpp"
2024-11-10T21:17:27.265525Z TRACE ThreadId(01) adding file "initSettings.sqf"
2024-11-10T21:17:27.265835Z TRACE ThreadId(01) adding file "XEH_preStart.sqf"
2024-11-10T21:17:27.266292Z TRACE ThreadId(01) adding file "display3DEN.hpp"
2024-11-10T21:17:27.266451Z TRACE ThreadId(01) adding file "XEH_preStart.sqfc"
2024-11-10T21:17:27.267258Z TRACE ThreadId(01) adding file "XEH_PREP.hpp"
2024-11-10T21:17:27.267566Z TRACE ThreadId(01) adding file "script_component.hpp"
2024-11-10T21:17:27.267877Z TRACE ThreadId(01) adding file "CfgEventHandlers.hpp"
2024-11-10T21:17:27.268183Z TRACE ThreadId(01) adding file "Cfg3DEN.hpp"
2024-11-10T21:17:27.268517Z TRACE ThreadId(01) adding file "XEH_preInit.sqf"
2024-11-10T21:17:27.268828Z TRACE ThreadId(01) adding file "functions\\fnc_testDLC.sqf"
2024-11-10T21:17:27.269136Z TRACE ThreadId(01) adding file "functions\\fnc_testEndings.sqf"
2024-11-10T21:17:27.269298Z TRACE ThreadId(01) adding file "functions\\fnc_autotest.sqfc"
2024-11-10T21:17:27.269309Z TRACE ThreadId(01) adding file "functions\\fnc_testDLC.sqfc"
2024-11-10T21:17:27.269317Z TRACE ThreadId(01) adding file "functions\\fnc_testGroups.sqfc"
2024-11-10T21:17:27.269483Z TRACE ThreadId(01) adding file "functions\\fnc_testGroups.sqf"
2024-11-10T21:17:27.269792Z TRACE ThreadId(01) adding file "functions\\fnc_testHCs.sqf"
2024-11-10T21:17:27.270100Z TRACE ThreadId(01) adding file "functions\\fnc_testAI.sqf"
2024-11-10T21:17:27.270261Z TRACE ThreadId(01) adding file "functions\\fnc_testEndings.sqfc"
2024-11-10T21:17:27.270273Z TRACE ThreadId(01) adding file "functions\\fnc_testHCs.sqfc"
2024-11-10T21:17:27.270281Z TRACE ThreadId(01) adding file "functions\\fnc_testAI.sqfc"
2024-11-10T21:17:27.270446Z TRACE ThreadId(01) adding file "functions\\fnc_autotest.sqf"
2024-11-10T21:17:27.270607Z TRACE ThreadId(01) adding file "functions\\fnc_testInit.sqfc"
2024-11-10T21:17:27.270772Z TRACE ThreadId(01) adding file "functions\\fnc_testInit.sqf"
2024-11-10T21:17:27.271077Z TRACE ThreadId(01) adding file "ui\\warning.paa"
2024-11-10T21:17:27.277139Z DEBUG ThreadId(01) "G:\\dev\\TMF\\.hemttout\\build\\addons" already exists
2024-11-10T21:17:27.277148Z DEBUG ThreadId(01) building "addons/briefing" => "G:\\dev\\TMF\\.hemttout\\build\\addons\\tmf_briefing.pbo"
2024-11-10T21:17:27.281705Z TRACE ThreadId(01) adding file "config.cpp"
2024-11-10T21:17:27.282347Z TRACE ThreadId(01) adding file "XEH_postInit.sqfc"
2024-11-10T21:17:27.282518Z TRACE ThreadId(01) adding file "XEH_preInit.sqf"
2024-11-10T21:17:27.282826Z TRACE ThreadId(01) adding file "XEH_preInit.sqfc"
2024-11-10T21:17:27.282993Z TRACE ThreadId(01) adding file "XEH_preStart.sqfc"
2024-11-10T21:17:27.283153Z TRACE ThreadId(01) adding file "XEH_postInit.sqf"
2024-11-10T21:17:27.283493Z TRACE ThreadId(01) adding file "Cfg3DEN.hpp"
2024-11-10T21:17:27.283802Z TRACE ThreadId(01) adding file "CfgEventHandlers.hpp"
2024-11-10T21:17:27.284110Z TRACE ThreadId(01) adding file "display3DEN.hpp"
2024-11-10T21:17:27.284416Z TRACE ThreadId(01) adding file "script_component.hpp"
2024-11-10T21:17:27.284722Z TRACE ThreadId(01) adding file "XEH_preStart.sqf"
2024-11-10T21:17:27.285030Z TRACE ThreadId(01) adding file "CfgDiary.hpp"
2024-11-10T21:17:27.285336Z TRACE ThreadId(01) adding file "XEH_PREP.hpp"
2024-11-10T21:17:27.285498Z TRACE ThreadId(01) adding file "functions\\fnc_generateLoadoutPage.sqfc"
2024-11-10T21:17:27.285666Z TRACE ThreadId(01) adding file "functions\\fnc_createCreditsPage.sqf"
2024-11-10T21:17:27.285980Z TRACE ThreadId(01) adding file "functions\\fnc_generateBriefing.sqf"
2024-11-10T21:17:27.286289Z TRACE ThreadId(01) adding file "functions\\fnc_generateLoadoutPage.sqf"
2024-11-10T21:17:27.286449Z TRACE ThreadId(01) adding file "functions\\fnc_createCreditsPage.sqfc"
2024-11-10T21:17:27.286612Z TRACE ThreadId(01) adding file "functions\\fnc_unitPage.sqf"
2024-11-10T21:17:27.286776Z TRACE ThreadId(01) adding file "functions\\fnc_vehiclePage.sqfc"
2024-11-10T21:17:27.286940Z TRACE ThreadId(01) adding file "functions\\fnc_testBriefings.sqf"
2024-11-10T21:17:27.287248Z TRACE ThreadId(01) adding file "functions\\fnc_vehiclePage.sqf"
2024-11-10T21:17:27.287408Z TRACE ThreadId(01) adding file "functions\\fnc_unitPage.sqfc"
2024-11-10T21:17:27.287419Z TRACE ThreadId(01) adding file "functions\\fnc_testBriefings.sqfc"
2024-11-10T21:17:27.287428Z TRACE ThreadId(01) adding file "functions\\fnc_generateBriefing.sqfc"
2024-11-10T21:17:27.287591Z TRACE ThreadId(01) adding file "UI\\plus_small_ca.paa"
2024-11-10T21:17:27.291961Z TRACE ThreadId(01) adding file "UI\\check_small_ca.paa"
2024-11-10T21:17:27.296006Z TRACE ThreadId(01) adding file "ui_scripts\\BriefingSettings.sqf"
2024-11-10T21:17:27.296172Z TRACE ThreadId(01) adding file "ui_scripts\\BriefingSettings.sqfc"
2024-11-10T21:17:27.297474Z DEBUG ThreadId(01) "G:\\dev\\TMF\\.hemttout\\build\\addons" already exists
2024-11-10T21:17:27.297483Z DEBUG ThreadId(01) building "addons/chat" => "G:\\dev\\TMF\\.hemttout\\build\\addons\\tmf_chat.pbo"
2024-11-10T21:17:27.300891Z TRACE ThreadId(01) adding file "initCommands.sqf"
2024-11-10T21:17:27.301054Z TRACE ThreadId(01) adding file "initCommands.sqfc"
2024-11-10T21:17:27.301216Z TRACE ThreadId(01) adding file "script_component.hpp"
2024-11-10T21:17:27.301522Z TRACE ThreadId(01) adding file "initSettings.sqf"
2024-11-10T21:17:27.301835Z TRACE ThreadId(01) adding file "XEH_preInit.sqfc"
2024-11-10T21:17:27.302324Z TRACE ThreadId(01) adding file "config.bin"
2024-11-10T21:17:27.302335Z TRACE ThreadId(01) adding file "XEH_preStart.sqfc"
2024-11-10T21:17:27.302500Z TRACE ThreadId(01) adding file "XEH_PREP.hpp"
2024-11-10T21:17:27.302659Z TRACE ThreadId(01) adding file "initSettings.sqfc"
2024-11-10T21:17:27.302824Z TRACE ThreadId(01) adding file "CfgEventHandlers.hpp"
2024-11-10T21:17:27.303130Z TRACE ThreadId(01) adding file "XEH_preStart.sqf"
2024-11-10T21:17:27.303440Z TRACE ThreadId(01) adding file "XEH_preInit.sqf"
2024-11-10T21:17:27.303599Z TRACE ThreadId(01) adding file "functions\\fnc_cmndHeal.sqfc"
2024-11-10T21:17:27.303762Z TRACE ThreadId(01) adding file "functions\\fnc_cmndLoadout.sqf"
2024-11-10T21:17:27.303923Z TRACE ThreadId(01) adding file "functions\\fnc_commandAvailable.sqfc"
2024-11-10T21:17:27.304086Z TRACE ThreadId(01) adding file "functions\\fnc_cmndRadio.sqf"
2024-11-10T21:17:27.304245Z TRACE ThreadId(01) adding file "functions\\fnc_cmndTp.sqfc"
2024-11-10T21:17:27.304407Z TRACE ThreadId(01) adding file "functions\\fnc_cmndWhisper.sqf"
2024-11-10T21:17:27.304719Z TRACE ThreadId(01) adding file "functions\\fnc_cmndHeal.sqf"
2024-11-10T21:17:27.304879Z TRACE ThreadId(01) adding file "functions\\fnc_cmndSpec.sqfc"
2024-11-10T21:17:27.304890Z TRACE ThreadId(01) adding file "functions\\fnc_cmndWhisper.sqfc"
2024-11-10T21:17:27.305054Z TRACE ThreadId(01) adding file "functions\\fnc_cmndTp.sqf"
2024-11-10T21:17:27.305396Z TRACE ThreadId(01) adding file "functions\\fnc_cmndRP.sqf"
2024-11-10T21:17:27.305568Z TRACE ThreadId(01) adding file "functions\\fnc_findMatch.sqfc"
2024-11-10T21:17:27.305731Z TRACE ThreadId(01) adding file "functions\\fnc_findMatch.sqf"
2024-11-10T21:17:27.305890Z TRACE ThreadId(01) adding file "functions\\fnc_cmndLoadout.sqfc"
2024-11-10T21:17:27.306054Z TRACE ThreadId(01) adding file "functions\\fnc_cmndSpec.sqf"
2024-11-10T21:17:27.306213Z TRACE ThreadId(01) adding file "functions\\fnc_cmndRadio.sqfc"
2024-11-10T21:17:27.306224Z TRACE ThreadId(01) adding file "functions\\fnc_cmndRP.sqfc"
2024-11-10T21:17:27.306388Z TRACE ThreadId(01) adding file "functions\\fnc_commandAvailable.sqf"
2024-11-10T21:17:27.307591Z DEBUG ThreadId(01) "G:\\dev\\TMF\\.hemttout\\build\\addons" already exists
2024-11-10T21:17:27.307598Z DEBUG ThreadId(01) building "addons/common" => "G:\\dev\\TMF\\.hemttout\\build\\addons\\tmf_common.pbo"
2024-11-10T21:17:27.321706Z TRACE ThreadId(01) adding file "config.bin"
2024-11-10T21:17:27.321728Z TRACE ThreadId(01) adding file "XEH_postInit.sqfc"
2024-11-10T21:17:27.321892Z TRACE ThreadId(01) adding file "XEH_postInit.sqf"
2024-11-10T21:17:27.322057Z TRACE ThreadId(01) adding file "XEH_preInit.sqfc"
2024-11-10T21:17:27.322223Z TRACE ThreadId(01) adding file "CfgVehicles.hpp"
2024-11-10T21:17:27.322532Z TRACE ThreadId(01) adding file "XEH_preInit.sqf"
2024-11-10T21:17:27.322838Z TRACE ThreadId(01) adding file "display3DEN.hpp"
2024-11-10T21:17:27.323149Z TRACE ThreadId(01) adding file "script_component.hpp"
2024-11-10T21:17:27.323461Z TRACE ThreadId(01) adding file "Cfg3DEN.hpp"
2024-11-10T21:17:27.323622Z TRACE ThreadId(01) adding file "initSettings.sqfc"
2024-11-10T21:17:27.324291Z TRACE ThreadId(01) adding file "initSettings.sqf"
2024-11-10T21:17:27.324602Z TRACE ThreadId(01) adding file "CfgEventHandlers.hpp"
2024-11-10T21:17:27.324911Z TRACE ThreadId(01) adding file "XEH_PREP.hpp"
2024-11-10T21:17:27.325219Z TRACE ThreadId(01) adding file "XEH_preStart.sqf"
2024-11-10T21:17:27.325377Z TRACE ThreadId(01) adding file "XEH_preStart.sqfc"
2024-11-10T21:17:27.325995Z TRACE ThreadId(01) adding file "UI\\logo_tmf_ca.paa"
2024-11-10T21:17:27.330780Z TRACE ThreadId(01) adding file "UI\\icon_gear_ca.paa"
2024-11-10T21:17:27.334845Z TRACE ThreadId(01) adding file "UI\\logo_tmf_small_ca.paa"
2024-11-10T21:17:27.338842Z TRACE ThreadId(01) adding file "UI\\logo_tmf_small_toolbar_active_ca.paa"
2024-11-10T21:17:27.342930Z TRACE ThreadId(01) adding file "UI\\logo_tmf_small_glow_ca.paa"
2024-11-10T21:17:27.346740Z TRACE ThreadId(01) adding file "UI\\numbers\\0.paa"
2024-11-10T21:17:27.350473Z TRACE ThreadId(01) adding file "UI\\numbers\\10.paa"
2024-11-10T21:17:27.354466Z TRACE ThreadId(01) adding file "UI\\numbers\\3.paa"
2024-11-10T21:17:27.358384Z TRACE ThreadId(01) adding file "UI\\numbers\\7.paa"
2024-11-10T21:17:27.362553Z TRACE ThreadId(01) adding file "UI\\numbers\\1.paa"
2024-11-10T21:17:27.366443Z TRACE ThreadId(01) adding file "UI\\numbers\\4.paa"
2024-11-10T21:17:27.370145Z TRACE ThreadId(01) adding file "UI\\numbers\\9.paa"
2024-11-10T21:17:27.374090Z TRACE ThreadId(01) adding file "UI\\numbers\\5.paa"
2024-11-10T21:17:27.378194Z TRACE ThreadId(01) adding file "UI\\numbers\\6.paa"
2024-11-10T21:17:27.381834Z TRACE ThreadId(01) adding file "UI\\numbers\\8.paa"
2024-11-10T21:17:27.385970Z TRACE ThreadId(01) adding file "UI\\numbers\\2.paa"
2024-11-10T21:17:27.389808Z TRACE ThreadId(01) adding file "UI\\loadscreens\\7.jpg"
2024-11-10T21:17:27.390129Z TRACE ThreadId(01) adding file "UI\\loadscreens\\10.jpg"
2024-11-10T21:17:27.390445Z TRACE ThreadId(01) adding file "UI\\loadscreens\\2.jpg"
2024-11-10T21:17:27.390759Z TRACE ThreadId(01) adding file "UI\\loadscreens\\3.jpg"
2024-11-10T21:17:27.391072Z TRACE ThreadId(01) adding file "UI\\loadscreens\\5.jpg"
2024-11-10T21:17:27.391385Z TRACE ThreadId(01) adding file "UI\\loadscreens\\6.jpg"
2024-11-10T21:17:27.391698Z TRACE ThreadId(01) adding file "UI\\loadscreens\\1.jpg"
2024-11-10T21:17:27.392009Z TRACE ThreadId(01) adding file "UI\\loadscreens\\8.jpg"
2024-11-10T21:17:27.392318Z TRACE ThreadId(01) adding file "UI\\loadscreens\\4.jpg"
2024-11-10T21:17:27.392633Z TRACE ThreadId(01) adding file "UI\\loadscreens\\9.jpg"
2024-11-10T21:17:27.392954Z TRACE ThreadId(01) adding file "functions\\fnc_sideToString.sqf"
2024-11-10T21:17:27.393282Z TRACE ThreadId(01) adding file "functions\\fnc_sideToHexColor.sqf"
2024-11-10T21:17:27.393451Z TRACE ThreadId(01) adding file "functions\\fnc_numToTexture.sqfc"
2024-11-10T21:17:27.393463Z TRACE ThreadId(01) adding file "functions\\fnc_sideToNum.sqfc"
2024-11-10T21:17:27.393643Z TRACE ThreadId(01) adding file "functions\\fnc_getCfgEntryFromPath.sqf"
2024-11-10T21:17:27.393983Z TRACE ThreadId(01) adding file "functions\\fnc_serializeWaypoint.sqf"
2024-11-10T21:17:27.394152Z TRACE ThreadId(01) adding file "functions\\fnc_edenMouseOver.sqfc"
2024-11-10T21:17:27.394164Z TRACE ThreadId(01) adding file "functions\\fnc_sideType.sqfc"
2024-11-10T21:17:27.394172Z TRACE ThreadId(01) adding file "functions\\fnc_moduleUnits.sqfc"
2024-11-10T21:17:27.394341Z TRACE ThreadId(01) adding file "functions\\fnc_intro.sqf"
2024-11-10T21:17:27.394506Z TRACE ThreadId(01) adding file "functions\\fnc_edenMouseKeyDown.sqfc"
2024-11-10T21:17:27.394675Z TRACE ThreadId(01) adding file "functions\\fnc_endMission.sqf"
2024-11-10T21:17:27.394842Z TRACE ThreadId(01) adding file "functions\\fnc_initDisplayMultiplayerSetup.sqfc"
2024-11-10T21:17:27.395016Z TRACE ThreadId(01) adding file "functions\\fnc_edenDisplayFactionIcons.sqf"
2024-11-10T21:17:27.395184Z TRACE ThreadId(01) adding file "functions\\fnc_edenInit.sqfc"
2024-11-10T21:17:27.395196Z TRACE ThreadId(01) adding file "functions\\fnc_sideToString.sqfc"
2024-11-10T21:17:27.395369Z TRACE ThreadId(01) adding file "functions\\fnc_hideMapObjectsInit.sqf"
2024-11-10T21:17:27.395690Z TRACE ThreadId(01) adding file "functions\\fnc_secondsToTime.sqf"
2024-11-10T21:17:27.395857Z TRACE ThreadId(01) adding file "functions\\fnc_evaluateCondArray.sqfc"
2024-11-10T21:17:27.396031Z TRACE ThreadId(01) adding file "functions\\fnc_numToTexture.sqf"
2024-11-10T21:17:27.396196Z TRACE ThreadId(01) adding file "functions\\fnc_secondsToTime.sqfc"
2024-11-10T21:17:27.396209Z TRACE ThreadId(01) adding file "functions\\fnc_randPosArea.sqfc"
2024-11-10T21:17:27.396219Z TRACE ThreadId(01) adding file "functions\\fnc_sideToHexColor.sqfc"
2024-11-10T21:17:27.396228Z TRACE ThreadId(01) adding file "functions\\fnc_getCfgEntryFromPath.sqfc"
2024-11-10T21:17:27.396396Z TRACE ThreadId(01) adding file "functions\\fnc_getNearestRoad.sqf"
2024-11-10T21:17:27.396717Z TRACE ThreadId(01) adding file "functions\\fnc_sideType.sqf"
2024-11-10T21:17:27.396880Z TRACE ThreadId(01) adding file "functions\\fnc_drawLines.sqfc"
2024-11-10T21:17:27.396891Z TRACE ThreadId(01) adding file "functions\\fnc_numToSide.sqfc"
2024-11-10T21:17:27.396901Z TRACE ThreadId(01) adding file "functions\\fnc_sideToColor.sqfc"
2024-11-10T21:17:27.396909Z TRACE ThreadId(01) adding file "functions\\fnc_getPosVisual.sqfc"
2024-11-10T21:17:27.396920Z TRACE ThreadId(01) adding file "functions\\fnc_edenHideMapObjects.sqfc"
2024-11-10T21:17:27.396930Z TRACE ThreadId(01) adding file "functions\\fnc_testGroupsSlottingScreen.sqfc"
2024-11-10T21:17:27.397098Z TRACE ThreadId(01) adding file "functions\\fnc_edenDraw.sqf"
2024-11-10T21:17:27.397263Z TRACE ThreadId(01) adding file "functions\\fnc_deserializeWaypoint.sqfc"
2024-11-10T21:17:27.397274Z TRACE ThreadId(01) adding file "functions\\fnc_capitalize.sqfc"
2024-11-10T21:17:27.397283Z TRACE ThreadId(01) adding file "functions\\fnc_getCfgEntry.sqfc"
2024-11-10T21:17:27.397452Z TRACE ThreadId(01) adding file "functions\\fnc_randPosArea.sqf"
2024-11-10T21:17:27.397770Z TRACE ThreadId(01) adding file "functions\\fnc_sideToColor.sqf"
2024-11-10T21:17:27.397933Z TRACE ThreadId(01) adding file "functions\\fnc_sideToTexture.sqfc"
2024-11-10T21:17:27.398102Z TRACE ThreadId(01) adding file "functions\\fnc_sideToNum.sqf"
2024-11-10T21:17:27.398420Z TRACE ThreadId(01) adding file "functions\\fnc_edenMouseKeyUp.sqf"
2024-11-10T21:17:27.398783Z TRACE ThreadId(01) adding file "functions\\fnc_initDisplayDebriefing.sqf"
2024-11-10T21:17:27.398952Z TRACE ThreadId(01) adding file "functions\\fnc_edenDraw.sqfc"
2024-11-10T21:17:27.398965Z TRACE ThreadId(01) adding file "functions\\fnc_arrayToStringArray.sqfc"
2024-11-10T21:17:27.399131Z TRACE ThreadId(01) adding file "functions\\fnc_edenMouseKeyDown.sqf"
2024-11-10T21:17:27.399294Z TRACE ThreadId(01) adding file "functions\\fnc_hideMapObjectsInit.sqfc"
2024-11-10T21:17:27.399307Z TRACE ThreadId(01) adding file "functions\\fnc_initDisplayDebriefing.sqfc"
2024-11-10T21:17:27.399316Z TRACE ThreadId(01) adding file "functions\\fnc_checkTMFVersion.sqfc"
2024-11-10T21:17:27.399324Z TRACE ThreadId(01) adding file "functions\\fnc_initGroupVar.sqfc"
2024-11-10T21:17:27.399490Z TRACE ThreadId(01) adding file "functions\\fnc_initGroupVar.sqf"
2024-11-10T21:17:27.399805Z TRACE ThreadId(01) adding file "functions\\fnc_numToSide.sqf"
2024-11-10T21:17:27.399968Z TRACE ThreadId(01) adding file "functions\\fnc_serializeWaypoints.sqfc"
2024-11-10T21:17:27.400137Z TRACE ThreadId(01) adding file "functions\\fnc_sideToTexture.sqf"
2024-11-10T21:17:27.400454Z TRACE ThreadId(01) adding file "functions\\fnc_checkVersionArray.sqf"
2024-11-10T21:17:27.400770Z TRACE ThreadId(01) adding file "functions\\fnc_drawLines.sqf"
2024-11-10T21:17:27.401088Z TRACE ThreadId(01) adding file "functions\\fnc_getCfgEntry.sqf"
2024-11-10T21:17:27.401411Z TRACE ThreadId(01) adding file "functions\\fnc_serializeWaypoints.sqf"
2024-11-10T21:17:27.401577Z TRACE ThreadId(01) adding file "functions\\fnc_dummy.sqfc"
2024-11-10T21:17:27.401588Z TRACE ThreadId(01) adding file "functions\\fnc_intro.sqfc"
2024-11-10T21:17:27.401755Z TRACE ThreadId(01) adding file "functions\\fnc_getPosVisual.sqf"
2024-11-10T21:17:27.402072Z TRACE ThreadId(01) adding file "functions\\fnc_testGroupsSlottingScreen.sqf"
2024-11-10T21:17:27.402394Z TRACE ThreadId(01) adding file "functions\\fnc_initDisplayMultiplayerSetup.sqf"
2024-11-10T21:17:27.402561Z TRACE ThreadId(01) adding file "functions\\fnc_checkVersionArray.sqfc"
2024-11-10T21:17:27.402730Z TRACE ThreadId(01) adding file "functions\\fnc_capitalize.sqf"
2024-11-10T21:17:27.403066Z TRACE ThreadId(01) adding file "functions\\fnc_checkTMFVersion.sqf"
2024-11-10T21:17:27.403390Z TRACE ThreadId(01) adding file "functions\\fnc_edenHideMapObjects.sqf"
2024-11-10T21:17:27.403712Z TRACE ThreadId(01) adding file "functions\\fnc_edenInit.sqf"
2024-11-10T21:17:27.404027Z TRACE ThreadId(01) adding file "functions\\fnc_isAdmin.sqf"
2024-11-10T21:17:27.404193Z TRACE ThreadId(01) adding file "functions\\fnc_edenMouseKeyUp.sqfc"
2024-11-10T21:17:27.404204Z TRACE ThreadId(01) adding file "functions\\fnc_numToColor.sqfc"
2024-11-10T21:17:27.404213Z TRACE ThreadId(01) adding file "functions\\fnc_edenDisplayFactionIcons.sqfc"
2024-11-10T21:17:27.404222Z TRACE ThreadId(01) adding file "functions\\fnc_isAdmin.sqfc"
2024-11-10T21:17:27.404402Z TRACE ThreadId(01) adding file "functions\\fnc_arrayToStringArray.sqf"
2024-11-10T21:17:27.404760Z TRACE ThreadId(01) adding file "functions\\fnc_edenMouseOver.sqf"
2024-11-10T21:17:27.405079Z TRACE ThreadId(01) adding file "functions\\fnc_numToColor.sqf"
2024-11-10T21:17:27.405242Z TRACE ThreadId(01) adding file "functions\\fnc_endMission.sqfc"
2024-11-10T21:17:27.405413Z TRACE ThreadId(01) adding file "functions\\fnc_evaluateCondArray.sqf"
2024-11-10T21:17:27.405576Z TRACE ThreadId(01) adding file "functions\\fnc_serializeWaypoint.sqfc"
2024-11-10T21:17:27.405745Z TRACE ThreadId(01) adding file "functions\\fnc_deserializeWaypoint.sqf"
2024-11-10T21:17:27.406059Z TRACE ThreadId(01) adding file "functions\\fnc_dummy.sqf"
2024-11-10T21:17:27.406221Z TRACE ThreadId(01) adding file "functions\\fnc_getNearestRoad.sqfc"
2024-11-10T21:17:27.406390Z TRACE ThreadId(01) adding file "functions\\fnc_moduleUnits.sqf"
2024-11-10T21:17:27.409515Z DEBUG ThreadId(01) "G:\\dev\\TMF\\.hemttout\\build\\addons" already exists
2024-11-10T21:17:27.409525Z DEBUG ThreadId(01) building "addons/main" => "G:\\dev\\TMF\\.hemttout\\build\\addons\\tmf_main.pbo"
2024-11-10T21:17:27.410818Z TRACE ThreadId(01) adding file "script_component.hpp"
2024-11-10T21:17:27.410978Z TRACE ThreadId(01) adding file "config.bin"
2024-11-10T21:17:27.411769Z TRACE ThreadId(01) adding file "logo_tmf_ca.paa"
2024-11-10T21:17:27.417243Z TRACE ThreadId(01) adding file "script_mod.hpp"
2024-11-10T21:17:27.417577Z TRACE ThreadId(01) adding file "script_macros.hpp"
2024-11-10T21:17:27.418372Z DEBUG ThreadId(01) "G:\\dev\\TMF\\.hemttout\\build\\addons" already exists
2024-11-10T21:17:27.418380Z DEBUG ThreadId(01) building "addons/marker" => "G:\\dev\\TMF\\.hemttout\\build\\addons\\tmf_marker.pbo"
2024-11-10T21:17:27.420481Z TRACE ThreadId(01) adding file "XEH_preInit.sqf"
2024-11-10T21:17:27.420641Z TRACE ThreadId(01) adding file "XEH_preInit.sqfc"
2024-11-10T21:17:27.420803Z TRACE ThreadId(01) adding file "XEH_PREP.hpp"
2024-11-10T21:17:27.421594Z TRACE ThreadId(01) adding file "CfgEventHandlers.hpp"
2024-11-10T21:17:27.421905Z TRACE ThreadId(01) adding file "Cfg3DEN.hpp"
2024-11-10T21:17:27.422216Z TRACE ThreadId(01) adding file "CfgMarkerBrushes.hpp"
2024-11-10T21:17:27.422528Z TRACE ThreadId(01) adding file "XEH_preStart.sqf"
2024-11-10T21:17:27.422991Z TRACE ThreadId(01) adding file "script_component.hpp"
2024-11-10T21:17:27.423152Z TRACE ThreadId(01) adding file "XEH_preStart.sqfc"
2024-11-10T21:17:27.423163Z TRACE ThreadId(01) adding file "config.bin"
2024-11-10T21:17:27.423324Z TRACE ThreadId(01) adding file "functions\\fnc_hide.sqf"
2024-11-10T21:17:27.423483Z TRACE ThreadId(01) adding file "functions\\fnc_hide.sqfc"
2024-11-10T21:17:27.424279Z DEBUG ThreadId(01) "G:\\dev\\TMF\\.hemttout\\build\\addons" already exists
2024-11-10T21:17:27.424287Z DEBUG ThreadId(01) building "addons/modules" => "G:\\dev\\TMF\\.hemttout\\build\\addons\\tmf_modules.pbo"
2024-11-10T21:17:27.426825Z TRACE ThreadId(01) adding file "config.bin"
2024-11-10T21:17:27.427470Z TRACE ThreadId(01) adding file "CfgEventHandlers.hpp"
2024-11-10T21:17:27.427785Z TRACE ThreadId(01) adding file "XEH_preStart.sqfc"
2024-11-10T21:17:27.427945Z TRACE ThreadId(01) adding file "CfgModules.hpp"
2024-11-10T21:17:27.428399Z TRACE ThreadId(01) adding file "script_component.hpp"
2024-11-10T21:17:27.428558Z TRACE ThreadId(01) adding file "XEH_preInit.sqfc"
2024-11-10T21:17:27.428720Z TRACE ThreadId(01) adding file "XEH_PREP.hpp"
2024-11-10T21:17:27.429029Z TRACE ThreadId(01) adding file "XEH_preInit.sqf"
2024-11-10T21:17:27.429358Z TRACE ThreadId(01) adding file "XEH_preStart.sqf"
2024-11-10T21:17:27.429668Z TRACE ThreadId(01) adding file "functions\\fnc_createAmbientVehicles.sqf"
2024-11-10T21:17:27.429829Z TRACE ThreadId(01) adding file "functions\\fnc_createAmbientVehicles.sqfc"
2024-11-10T21:17:27.429841Z TRACE ThreadId(01) adding file "functions\\fnc_ambientVehicleInit.sqfc"
2024-11-10T21:17:27.430002Z TRACE ThreadId(01) adding file "functions\\fnc_ambientVehicleInit.sqf"
2024-11-10T21:17:27.430306Z TRACE ThreadId(01) adding file "modules\\ambientVehicles.hpp"
2024-11-10T21:17:27.431176Z DEBUG ThreadId(01) "G:\\dev\\TMF\\.hemttout\\build\\addons" already exists
2024-11-10T21:17:27.431184Z DEBUG ThreadId(01) building "addons/orbat" => "G:\\dev\\TMF\\.hemttout\\build\\addons\\tmf_orbat.pbo"
2024-11-10T21:17:27.507879Z TRACE ThreadId(01) adding file "initSettings.sqfc"
2024-11-10T21:17:27.507903Z TRACE ThreadId(01) adding file "XEH_postInit.sqfc"
2024-11-10T21:17:27.508216Z TRACE ThreadId(01) adding file "XEH_postInit.sqf"
2024-11-10T21:17:27.508530Z TRACE ThreadId(01) adding file "XEH_preInit.sqf"
2024-11-10T21:17:27.508839Z TRACE ThreadId(01) adding file "XEH_preStart.sqf"
2024-11-10T21:17:27.509150Z TRACE ThreadId(01) adding file "XEH_preStart.sqfc"
2024-11-10T21:17:27.509608Z TRACE ThreadId(01) adding file "XEH_PREP.hpp"
2024-11-10T21:17:27.509767Z TRACE ThreadId(01) adding file "XEH_preInit.sqfc"
2024-11-10T21:17:27.510528Z TRACE ThreadId(01) adding file "config.cpp"
2024-11-10T21:17:27.510845Z TRACE ThreadId(01) adding file "CfgEventHandlers.hpp"
2024-11-10T21:17:27.511155Z TRACE ThreadId(01) adding file "initSettings.sqf"
2024-11-10T21:17:27.511464Z TRACE ThreadId(01) adding file "display3DEN.hpp"
2024-11-10T21:17:27.511773Z TRACE ThreadId(01) adding file "Cfg3DEN.hpp"
2024-11-10T21:17:27.512082Z TRACE ThreadId(01) adding file "script_component.hpp"
2024-11-10T21:17:27.512546Z TRACE ThreadId(01) adding file "textures\\red_engineer.paa"
2024-11-10T21:17:27.517575Z TRACE ThreadId(01) adding file "textures\\blue_inf_para.paa"
2024-11-10T21:17:27.521333Z TRACE ThreadId(01) adding file "textures\\orange_sl_flag_s.paa"
2024-11-10T21:17:27.525276Z TRACE ThreadId(01) adding file "textures\\blue_helo_attack.paa"
2024-11-10T21:17:27.529074Z TRACE ThreadId(01) adding file "textures\\yellow_amphi_mech_inf.paa"
2024-11-10T21:17:27.532826Z TRACE ThreadId(01) adding file "textures\\red_fixedwing.paa"
2024-11-10T21:17:27.536500Z TRACE ThreadId(01) adding file "textures\\yellow_sf.paa"
2024-11-10T21:17:27.540375Z TRACE ThreadId(01) adding file "textures\\gray_inf_mech.paa"
2024-11-10T21:17:27.544199Z TRACE ThreadId(01) adding file "textures\\blue_motor.paa"
2024-11-10T21:17:27.547925Z TRACE ThreadId(01) adding file "textures\\red_mg_h.paa"
2024-11-10T21:17:27.551614Z TRACE ThreadId(01) adding file "textures\\yellow_mg.paa"
2024-11-10T21:17:27.555471Z TRACE ThreadId(01) adding file "textures\\orange_mg_m.paa"
2024-11-10T21:17:27.559149Z TRACE ThreadId(01) adding file "textures\\purple_airdef_not_a_nipple.paa"
2024-11-10T21:17:27.563131Z TRACE ThreadId(01) adding file "textures\\gray_recon_mech_wheeled.paa"
2024-11-10T21:17:27.567006Z TRACE ThreadId(01) adding file "textures\\gray_armor_wheeled.paa"
2024-11-10T21:17:27.571004Z TRACE ThreadId(01) adding file "textures\\green_antitank_rocket.paa"
2024-11-10T21:17:27.574903Z TRACE ThreadId(01) adding file "textures\\orange_transport.paa"
2024-11-10T21:17:27.578676Z TRACE ThreadId(01) adding file "textures\\yellow_motor.paa"
2024-11-10T21:17:27.582510Z TRACE ThreadId(01) adding file "textures\\orange_helo_attack.paa"
2024-11-10T21:17:27.587751Z TRACE ThreadId(01) adding file "textures\\red_logistics.paa"
2024-11-10T21:17:27.591903Z TRACE ThreadId(01) adding file "textures\\blue_arm_spaag.paa"
2024-11-10T21:17:27.596478Z TRACE ThreadId(01) adding file "textures\\blue_para.paa"
2024-11-10T21:17:27.601478Z TRACE ThreadId(01) adding file "textures\\green_mg.paa"
2024-11-10T21:17:27.605420Z TRACE ThreadId(01) adding file "textures\\green_uav.paa"
2024-11-10T21:17:27.609201Z TRACE ThreadId(01) adding file "textures\\blue_hq2.paa"
2024-11-10T21:17:27.612942Z TRACE ThreadId(01) adding file "textures\\orange_engineer.paa"
2024-11-10T21:17:27.616749Z TRACE ThreadId(01) adding file "textures\\gray_arm_airdef.paa"
2024-11-10T21:17:27.620489Z TRACE ThreadId(01) adding file "textures\\green_logistics.paa"
2024-11-10T21:17:27.624344Z TRACE ThreadId(01) adding file "textures\\orange_airdef.paa"
2024-11-10T21:17:27.628347Z TRACE ThreadId(01) adding file "textures\\orange_sl.paa"
2024-11-10T21:17:27.632408Z TRACE ThreadId(01) adding file "textures\\red_helo_cargo.paa"
2024-11-10T21:17:27.636347Z TRACE ThreadId(01) adding file "textures\\yellow_recon_motor.paa"
2024-11-10T21:17:27.640131Z TRACE ThreadId(01) adding file "textures\\orange_rotarywing.paa"
2024-11-10T21:17:27.643938Z TRACE ThreadId(01) adding file "textures\\purple_para_mech.paa"
2024-11-10T21:17:27.647851Z TRACE ThreadId(01) adding file "textures\\red_rotarywing.paa"
2024-11-10T21:17:27.651586Z TRACE ThreadId(01) adding file "textures\\yellow_antitank.paa"
2024-11-10T21:17:27.655320Z TRACE ThreadId(01) adding file "textures\\blue_sl_flag.paa"
2024-11-10T21:17:27.659057Z TRACE ThreadId(01) adding file "textures\\orange_helo_cargo.paa"
2024-11-10T21:17:27.664382Z TRACE ThreadId(01) adding file "textures\\orange_logistics.paa"
2024-11-10T21:17:27.668935Z TRACE ThreadId(01) adding file "textures\\red_service.paa"
2024-11-10T21:17:27.672778Z TRACE ThreadId(01) adding file "textures\\yellow_para_mech.paa"
2024-11-10T21:17:27.677315Z TRACE ThreadId(01) adding file "textures\\orange_inf_para.paa"
2024-11-10T21:17:27.681200Z TRACE ThreadId(01) adding file "textures\\green_hq.paa"
2024-11-10T21:17:27.685048Z TRACE ThreadId(01) adding file "textures\\blue_logistics.paa"
2024-11-10T21:17:27.688922Z TRACE ThreadId(01) adding file "textures\\purple_ordnance.paa"
2024-11-10T21:17:27.692900Z TRACE ThreadId(01) adding file "textures\\green_airdef.paa"
2024-11-10T21:17:27.697046Z TRACE ThreadId(01) adding file "textures\\modif_dot.paa"
2024-11-10T21:17:27.700751Z TRACE ThreadId(01) adding file "textures\\gray_ammo.paa"
2024-11-10T21:17:27.704520Z TRACE ThreadId(01) adding file "textures\\blue_antitank_rocket.paa"
2024-11-10T21:17:27.708313Z TRACE ThreadId(01) adding file "textures\\gray_logistics.paa"
2024-11-10T21:17:27.712062Z TRACE ThreadId(01) adding file "textures\\green_helo_attack.paa"
2024-11-10T21:17:27.715863Z TRACE ThreadId(01) adding file "textures\\purple_armor_wheeled.paa"
2024-11-10T21:17:27.719555Z TRACE ThreadId(01) adding file "textures\\yellow_antitank_rocket.paa"
2024-11-10T21:17:27.723384Z TRACE ThreadId(01) adding file "textures\\green_arm_airdef.paa"
2024-11-10T21:17:27.727486Z TRACE ThreadId(01) adding file "textures\\red_para.paa"
2024-11-10T21:17:27.731419Z TRACE ThreadId(01) adding file "textures\\purple_fixedwing.paa"
2024-11-10T21:17:27.735127Z TRACE ThreadId(01) adding file "textures\\blue_sf.paa"
2024-11-10T21:17:27.738876Z TRACE ThreadId(01) adding file "textures\\green_chevrons.paa"
2024-11-10T21:17:27.742699Z TRACE ThreadId(01) adding file "textures\\purple_para.paa"
2024-11-10T21:17:27.746495Z TRACE ThreadId(01) adding file "textures\\orange_fixedwing.paa"
2024-11-10T21:17:27.750408Z TRACE ThreadId(01) adding file "textures\\purple_amphi.paa"
2024-11-10T21:17:27.754394Z TRACE ThreadId(01) adding file "textures\\purple_sl.paa"
2024-11-10T21:17:27.758440Z TRACE ThreadId(01) adding file "textures\\red_airdef_not_a_nipple.paa"
2024-11-10T21:17:27.762152Z TRACE ThreadId(01) adding file "textures\\yellow_hq.paa"
2024-11-10T21:17:27.765883Z TRACE ThreadId(01) adding file "textures\\blue_transport.paa"
2024-11-10T21:17:27.769939Z TRACE ThreadId(01) adding file "textures\\gray_sl_flag_s.paa"
2024-11-10T21:17:27.773818Z TRACE ThreadId(01) adding file "textures\\blue_signal.paa"
2024-11-10T21:17:27.777947Z TRACE ThreadId(01) adding file "textures\\blue_cross.paa"
2024-11-10T21:17:27.781898Z TRACE ThreadId(01) adding file "textures\\green_blank.paa"
2024-11-10T21:17:27.786095Z TRACE ThreadId(01) adding file "textures\\green_sf.paa"
2024-11-10T21:17:27.789925Z TRACE ThreadId(01) adding file "textures\\orange_chevrons.paa"
2024-11-10T21:17:27.793619Z TRACE ThreadId(01) adding file "textures\\blue_recon_mech.paa"
2024-11-10T21:17:27.797533Z TRACE ThreadId(01) adding file "textures\\green_mg_h.paa"
2024-11-10T21:17:27.802160Z TRACE ThreadId(01) adding file "textures\\blue_amphi.paa"
2024-11-10T21:17:27.806097Z TRACE ThreadId(01) adding file "textures\\blue_mortar.paa"
2024-11-10T21:17:27.810095Z TRACE ThreadId(01) adding file "textures\\green_recon_motor.paa"
2024-11-10T21:17:27.813860Z TRACE ThreadId(01) adding file "textures\\green_airdef_not_a_nipple.paa"
2024-11-10T21:17:27.817850Z TRACE ThreadId(01) adding file "textures\\green_arm_spaag.paa"
2024-11-10T21:17:27.821610Z TRACE ThreadId(01) adding file "textures\\purple_amphi_mech_inf.paa"
2024-11-10T21:17:27.825445Z TRACE ThreadId(01) adding file "textures\\gray_hq2.paa"
2024-11-10T21:17:27.829130Z TRACE ThreadId(01) adding file "textures\\purple_hq.paa"
2024-11-10T21:17:27.833037Z TRACE ThreadId(01) adding file "textures\\green_amphi_mech_inf.paa"
2024-11-10T21:17:27.837580Z TRACE ThreadId(01) adding file "textures\\purple_motor.paa"
2024-11-10T21:17:27.841507Z TRACE ThreadId(01) adding file "textures\\purple_signal.paa"
2024-11-10T21:17:27.845345Z TRACE ThreadId(01) adding file "textures\\red_ammo.paa"
2024-11-10T21:17:27.849050Z TRACE ThreadId(01) adding file "textures\\purple_airdef.paa"
2024-11-10T21:17:27.852987Z TRACE ThreadId(01) adding file "textures\\yellow_engineer.paa"
2024-11-10T21:17:27.856801Z TRACE ThreadId(01) adding file "textures\\yellow_inf_motor.paa"
2024-11-10T21:17:27.860504Z TRACE ThreadId(01) adding file "textures\\orange_mg_h.paa"
2024-11-10T21:17:27.864240Z TRACE ThreadId(01) adding file "textures\\yellow_para.paa"
2024-11-10T21:17:27.867880Z TRACE ThreadId(01) adding file "textures\\orange_antitank.paa"
2024-11-10T21:17:27.871699Z TRACE ThreadId(01) adding file "textures\\green_signal.paa"
2024-11-10T21:17:27.875506Z TRACE ThreadId(01) adding file "textures\\purple_spaag.paa"
2024-11-10T21:17:27.879497Z TRACE ThreadId(01) adding file "textures\\red_inf_para.paa"
2024-11-10T21:17:27.883268Z TRACE ThreadId(01) adding file "textures\\blue_recon.paa"
2024-11-10T21:17:27.887035Z TRACE ThreadId(01) adding file "textures\\red_hq.paa"
2024-11-10T21:17:27.890662Z TRACE ThreadId(01) adding file "textures\\red_motor.paa"
2024-11-10T21:17:27.895867Z TRACE ThreadId(01) adding file "textures\\yellow_helo_attack.paa"
2024-11-10T21:17:27.899731Z TRACE ThreadId(01) adding file "textures\\purple_inf.paa"
2024-11-10T21:17:27.903515Z TRACE ThreadId(01) adding file "textures\\green_sl_flag_s.paa"
2024-11-10T21:17:27.907370Z TRACE ThreadId(01) adding file "textures\\orange_recon_mech.paa"
2024-11-10T21:17:27.911051Z TRACE ThreadId(01) adding file "textures\\blue_airdef.paa"
2024-11-10T21:17:27.914783Z TRACE ThreadId(01) adding file "textures\\red_recon_mech_wheeled.paa"
2024-11-10T21:17:27.918486Z TRACE ThreadId(01) adding file "textures\\yellow_mg_m.paa"
2024-11-10T21:17:27.922243Z TRACE ThreadId(01) adding file "textures\\red_recon.paa"
2024-11-10T21:17:27.926093Z TRACE ThreadId(01) adding file "textures\\red_recon_motor.paa"
2024-11-10T21:17:27.929833Z TRACE ThreadId(01) adding file "textures\\purple_mg_m.paa"
2024-11-10T21:17:27.933538Z TRACE ThreadId(01) adding file "textures\\gray_service.paa"
2024-11-10T21:17:27.937459Z TRACE ThreadId(01) adding file "textures\\gray_transport.paa"
2024-11-10T21:17:27.941209Z TRACE ThreadId(01) adding file "textures\\orange_inf_airmobile.paa"
2024-11-10T21:17:27.945053Z TRACE ThreadId(01) adding file "textures\\purple_blank.paa"
2024-11-10T21:17:27.949009Z TRACE ThreadId(01) adding file "textures\\purple_transport.paa"
2024-11-10T21:17:27.952777Z TRACE ThreadId(01) adding file "textures\\gray_sf.paa"
2024-11-10T21:17:27.956693Z TRACE ThreadId(01) adding file "textures\\orange_service.paa"
2024-11-10T21:17:27.960371Z TRACE ThreadId(01) adding file "textures\\yellow_rotarywing.paa"
2024-11-10T21:17:27.964279Z TRACE ThreadId(01) adding file "textures\\red_arm_airdef.paa"
2024-11-10T21:17:27.968384Z TRACE ThreadId(01) adding file "textures\\green_hq2.paa"
2024-11-10T21:17:27.972211Z TRACE ThreadId(01) adding file "textures\\red_inf_mech.paa"
2024-11-10T21:17:27.976013Z TRACE ThreadId(01) adding file "textures\\gray_mortar.paa"
2024-11-10T21:17:27.979633Z TRACE ThreadId(01) adding file "textures\\gray_arm_spaag.paa"
2024-11-10T21:17:27.983370Z TRACE ThreadId(01) adding file "textures\\yellow_blank.paa"
2024-11-10T21:17:27.987200Z TRACE ThreadId(01) adding file "textures\\yellow.paa"
2024-11-10T21:17:27.988190Z TRACE ThreadId(01) adding file "textures\\purple_sf.paa"
2024-11-10T21:17:27.992089Z TRACE ThreadId(01) adding file "textures\\green_engineer.paa"
2024-11-10T21:17:27.995848Z TRACE ThreadId(01) adding file "textures\\yellow_chevrons.paa"
2024-11-10T21:17:27.999769Z TRACE ThreadId(01) adding file "textures\\blue_inf.paa"
2024-11-10T21:17:28.004009Z TRACE ThreadId(01) adding file "textures\\green_artillery.paa"
2024-11-10T21:17:28.008036Z TRACE ThreadId(01) adding file "textures\\orange_uav.paa"
2024-11-10T21:17:28.012175Z TRACE ThreadId(01) adding file "textures\\red_sl.paa"
2024-11-10T21:17:28.016049Z TRACE ThreadId(01) adding file "textures\\yellow_sl_flag_s.paa"
2024-11-10T21:17:28.019827Z TRACE ThreadId(01) adding file "textures\\yellow_spaag.paa"
2024-11-10T21:17:28.023680Z TRACE ThreadId(01) adding file "textures\\red_blank.paa"
2024-11-10T21:17:28.027483Z TRACE ThreadId(01) adding file "textures\\orange_para_mech.paa"
2024-11-10T21:17:28.031671Z TRACE ThreadId(01) adding file "textures\\purple_service.paa"
2024-11-10T21:17:28.036323Z TRACE ThreadId(01) adding file "textures\\red_inf.paa"
2024-11-10T21:17:28.040273Z TRACE ThreadId(01) adding file "textures\\red_sl_flag.paa"
2024-11-10T21:17:28.044054Z TRACE ThreadId(01) adding file "textures\\green_recon_mech_wheeled.paa"
2024-11-10T21:17:28.048264Z TRACE ThreadId(01) adding file "textures\\orange_antitank_rocket.paa"
2024-11-10T21:17:28.052164Z TRACE ThreadId(01) adding file "textures\\red_airdef.paa"
2024-11-10T21:17:28.056830Z TRACE ThreadId(01) adding file "textures\\purple_recon_mech_wheeled.paa"
2024-11-10T21:17:28.060636Z TRACE ThreadId(01) adding file "textures\\orange_amphi.paa"
2024-11-10T21:17:28.064383Z TRACE ThreadId(01) adding file "textures\\red_chevrons.paa"
2024-11-10T21:17:28.068085Z TRACE ThreadId(01) adding file "textures\\blue_airdef_not_a_nipple.paa"
2024-11-10T21:17:28.072055Z TRACE ThreadId(01) adding file "textures\\gray_spaag.paa"
2024-11-10T21:17:28.076153Z TRACE ThreadId(01) adding file "textures\\red_inf_motor.paa"
2024-11-10T21:17:28.079887Z TRACE ThreadId(01) adding file "textures\\orange_ordnance.paa"
2024-11-10T21:17:28.083568Z TRACE ThreadId(01) adding file "textures\\blue_helo_cargo.paa"
2024-11-10T21:17:28.087275Z TRACE ThreadId(01) adding file "textures\\blue_mg.paa"
2024-11-10T21:17:28.090915Z TRACE ThreadId(01) adding file "textures\\purple_hq2.paa"
2024-11-10T21:17:28.094879Z TRACE ThreadId(01) adding file "textures\\green_inf.paa"
2024-11-10T21:17:28.098528Z TRACE ThreadId(01) adding file "textures\\green_inf_airmobile.paa"
2024-11-10T21:17:28.102546Z TRACE ThreadId(01) adding file "textures\\green_cross.paa"
2024-11-10T21:17:28.106445Z TRACE ThreadId(01) adding file "textures\\gray_artillery.paa"
2024-11-10T21:17:28.110515Z TRACE ThreadId(01) adding file "textures\\green_armor_wheeled.paa"
2024-11-10T21:17:28.114400Z TRACE ThreadId(01) adding file "textures\\orange_blank.paa"
2024-11-10T21:17:28.118047Z TRACE ThreadId(01) adding file "textures\\purple_inf_airmobile.paa"
2024-11-10T21:17:28.121918Z TRACE ThreadId(01) adding file "textures\\purple_inf_mech_wheeled.paa"
2024-11-10T21:17:28.125835Z TRACE ThreadId(01) adding file "textures\\red_spaag.paa"
2024-11-10T21:17:28.129503Z TRACE ThreadId(01) adding file "textures\\gray_airdef.paa"
2024-11-10T21:17:28.133398Z TRACE ThreadId(01) adding file "textures\\yellow_mortar.paa"
2024-11-10T21:17:28.137195Z TRACE ThreadId(01) adding file "textures\\blue_mg_h.paa"
2024-11-10T21:17:28.141093Z TRACE ThreadId(01) adding file "textures\\gray_hq.paa"
2024-11-10T21:17:28.144804Z TRACE ThreadId(01) adding file "textures\\red_signal.paa"
2024-11-10T21:17:28.148440Z TRACE ThreadId(01) adding file "textures\\green_ordnance.paa"
2024-11-10T21:17:28.152058Z TRACE ThreadId(01) adding file "textures\\purple_inf_mech.paa"
2024-11-10T21:17:28.155927Z TRACE ThreadId(01) adding file "textures\\gray_rotarywing.paa"
2024-11-10T21:17:28.159827Z TRACE ThreadId(01) adding file "textures\\blue_blank.paa"
2024-11-10T21:17:28.163557Z TRACE ThreadId(01) adding file "textures\\blue_mg_m.paa"
2024-11-10T21:17:28.167285Z TRACE ThreadId(01) adding file "textures\\modif_3dot.paa"
2024-11-10T21:17:28.172528Z TRACE ThreadId(01) adding file "textures\\orange_hq2.paa"
2024-11-10T21:17:28.176725Z TRACE ThreadId(01) adding file "textures\\orange_airdef_not_a_nipple.paa"
2024-11-10T21:17:28.180489Z TRACE ThreadId(01) adding file "textures\\red_armor_wheeled.paa"
2024-11-10T21:17:28.184296Z TRACE ThreadId(01) adding file "textures\\purple_helo_cargo.paa"
2024-11-10T21:17:28.188086Z TRACE ThreadId(01) adding file "textures\\gray_para_mech.paa"
2024-11-10T21:17:28.192226Z TRACE ThreadId(01) adding file "textures\\orange_inf_mech.paa"
2024-11-10T21:17:28.196149Z TRACE ThreadId(01) adding file "textures\\gray_sl.paa"
2024-11-10T21:17:28.200078Z TRACE ThreadId(01) adding file "textures\\yellow_inf.paa"
2024-11-10T21:17:28.203725Z TRACE ThreadId(01) adding file "textures\\blue_rotarywing.paa"
2024-11-10T21:17:28.207409Z TRACE ThreadId(01) adding file "textures\\orange_sf.paa"
2024-11-10T21:17:28.210998Z TRACE ThreadId(01) adding file "textures\\orange_armor.paa"
2024-11-10T21:17:28.214843Z TRACE ThreadId(01) adding file "textures\\green_recon_mech.paa"
2024-11-10T21:17:28.218749Z TRACE ThreadId(01) adding file "textures\\green_antitank.paa"
2024-11-10T21:17:28.222472Z TRACE ThreadId(01) adding file "textures\\blue_engineer.paa"
2024-11-10T21:17:28.226410Z TRACE ThreadId(01) adding file "textures\\orange.paa"
2024-11-10T21:17:28.227385Z TRACE ThreadId(01) adding file "textures\\blue_sl.paa"
2024-11-10T21:17:28.231450Z TRACE ThreadId(01) adding file "textures\\gray_mg_h.paa"
2024-11-10T21:17:28.235439Z TRACE ThreadId(01) adding file "textures\\blue_inf_motor.paa"
2024-11-10T21:17:28.239295Z TRACE ThreadId(01) adding file "textures\\purple_recon_mech.paa"
2024-11-10T21:17:28.243282Z TRACE ThreadId(01) adding file "textures\\blue_amphi_mech_inf.paa"
2024-11-10T21:17:28.247716Z TRACE ThreadId(01) adding file "textures\\yellow_uav.paa"
2024-11-10T21:17:28.251513Z TRACE ThreadId(01) adding file "textures\\orange_amphi_mech_inf.paa"
2024-11-10T21:17:28.255491Z TRACE ThreadId(01) adding file "textures\\green_armor.paa"
2024-11-10T21:17:28.259288Z TRACE ThreadId(01) adding file "textures\\purple_inf_motor.paa"
2024-11-10T21:17:28.263289Z TRACE ThreadId(01) adding file "textures\\gray_sl_flag.paa"
2024-11-10T21:17:28.267097Z TRACE ThreadId(01) adding file "textures\\red_inf_mech_wheeled.paa"
2024-11-10T21:17:28.270822Z TRACE ThreadId(01) adding file "textures\\red_armor.paa"
2024-11-10T21:17:28.274657Z TRACE ThreadId(01) adding file "textures\\yellow_cross.paa"
2024-11-10T21:17:28.278805Z TRACE ThreadId(01) adding file "textures\\blue_arm_airdef.paa"
2024-11-10T21:17:28.282711Z TRACE ThreadId(01) adding file "textures\\gray_helo_cargo.paa"
2024-11-10T21:17:28.286999Z TRACE ThreadId(01) adding file "textures\\yellow_helo_cargo.paa"
2024-11-10T21:17:28.290765Z TRACE ThreadId(01) adding file "textures\\red_mg_m.paa"
2024-11-10T21:17:28.295836Z TRACE ThreadId(01) adding file "textures\\purple_recon.paa"
2024-11-10T21:17:28.299938Z TRACE ThreadId(01) adding file "textures\\gray_missile.paa"
2024-11-10T21:17:28.303627Z TRACE ThreadId(01) adding file "textures\\red_amphi_mech_inf.paa"
2024-11-10T21:17:28.307356Z TRACE ThreadId(01) adding file "textures\\gray_recon_mech.paa"
2024-11-10T21:17:28.313103Z TRACE ThreadId(01) adding file "textures\\yellow_inf_mech.paa"
2024-11-10T21:17:28.316924Z TRACE ThreadId(01) adding file "textures\\purple_mech_para.paa"
2024-11-10T21:17:28.320660Z TRACE ThreadId(01) adding file "textures\\orange_recon_motor.paa"
2024-11-10T21:17:28.325513Z TRACE ThreadId(01) adding file "textures\\purple_chevrons.paa"
2024-11-10T21:17:28.329498Z TRACE ThreadId(01) adding file "textures\\yellow_airdef.paa"
2024-11-10T21:17:28.333376Z TRACE ThreadId(01) adding file "textures\\purple_armor.paa"
2024-11-10T21:17:28.337355Z TRACE ThreadId(01) adding file "textures\\blue_chevrons.paa"
2024-11-10T21:17:28.341096Z TRACE ThreadId(01) adding file "textures\\blue_hq.paa"
2024-11-10T21:17:28.344901Z TRACE ThreadId(01) adding file "textures\\blue_sl_flag_s.paa"
2024-11-10T21:17:28.348774Z TRACE ThreadId(01) adding file "textures\\purple_mortar.paa"
2024-11-10T21:17:28.352782Z TRACE ThreadId(01) adding file "textures\\blue.paa"
2024-11-10T21:17:28.353943Z TRACE ThreadId(01) adding file "textures\\green_mg_m.paa"
2024-11-10T21:17:28.357941Z TRACE ThreadId(01) adding file "textures\\gray_blank.paa"
2024-11-10T21:17:28.361664Z TRACE ThreadId(01) adding file "textures\\gray_cross.paa"
2024-11-10T21:17:28.365646Z TRACE ThreadId(01) adding file "textures\\red_mech_para.paa"
2024-11-10T21:17:28.369594Z TRACE ThreadId(01) adding file "textures\\yellow_recon_mech.paa"
2024-11-10T21:17:28.373477Z TRACE ThreadId(01) adding file "textures\\yellow_sl.paa"
2024-11-10T21:17:28.377780Z TRACE ThreadId(01) adding file "textures\\orange_para.paa"
2024-11-10T21:17:28.381455Z TRACE ThreadId(01) adding file "textures\\red_antitank_rocket.paa"
2024-11-10T21:17:28.385271Z TRACE ThreadId(01) adding file "textures\\gray_mg_m.paa"
2024-11-10T21:17:28.388997Z TRACE ThreadId(01) adding file "textures\\green_mot.paa"
2024-11-10T21:17:28.392720Z TRACE ThreadId(01) adding file "textures\\orange_inf_motor.paa"
2024-11-10T21:17:28.397111Z TRACE ThreadId(01) adding file "textures\\gray_antitank.paa"
2024-11-10T21:17:28.400913Z TRACE ThreadId(01) adding file "textures\\green_inf_para.paa"
2024-11-10T21:17:28.404939Z TRACE ThreadId(01) adding file "textures\\green_amphi.paa"
2024-11-10T21:17:28.408923Z TRACE ThreadId(01) adding file "textures\\green_para.paa"
2024-11-10T21:17:28.412605Z TRACE ThreadId(01) adding file "textures\\blue_artillery.paa"
2024-11-10T21:17:28.417360Z TRACE ThreadId(01) adding file "textures\\blue_recon_motor.paa"
2024-11-10T21:17:28.421187Z TRACE ThreadId(01) adding file "textures\\gray_recon_motor.paa"
2024-11-10T21:17:28.424883Z TRACE ThreadId(01) adding file "textures\\yellow_logistics.paa"
2024-11-10T21:17:28.428528Z TRACE ThreadId(01) adding file "textures\\orange_recon.paa"
2024-11-10T21:17:28.432348Z TRACE ThreadId(01) adding file "textures\\purple_sl_flag.paa"
2024-11-10T21:17:28.436193Z TRACE ThreadId(01) adding file "textures\\blue_inf_mech.paa"
2024-11-10T21:17:28.439921Z TRACE ThreadId(01) adding file "textures\\green_helo_cargo.paa"
2024-11-10T21:17:28.443586Z TRACE ThreadId(01) adding file "textures\\gray_inf_mech_wheeled.paa"
2024-11-10T21:17:28.447386Z TRACE ThreadId(01) adding file "textures\\blue_inf_airmobile.paa"
2024-11-10T21:17:28.451101Z TRACE ThreadId(01) adding file "textures\\gray_helo_attack.paa"
2024-11-10T21:17:28.454909Z TRACE ThreadId(01) adding file "textures\\gray_ordnance.paa"
2024-11-10T21:17:28.458662Z TRACE ThreadId(01) adding file "textures\\orange_inf.paa"
2024-11-10T21:17:28.462609Z TRACE ThreadId(01) adding file "textures\\orange_motor.paa"
2024-11-10T21:17:28.466473Z TRACE ThreadId(01) adding file "textures\\purple_arm_spaag.paa"
2024-11-10T21:17:28.470272Z TRACE ThreadId(01) adding file "textures\\red_ordnance.paa"
2024-11-10T21:17:28.474037Z TRACE ThreadId(01) adding file "textures\\red_sl_flag_s.paa"
2024-11-10T21:17:28.478537Z TRACE ThreadId(01) adding file "textures\\yellow_airdef_not_a_nipple.paa"
2024-11-10T21:17:28.483137Z TRACE ThreadId(01) adding file "textures\\blue_armor.paa"
2024-11-10T21:17:28.488045Z TRACE ThreadId(01) adding file "textures\\purple_mg.paa"
2024-11-10T21:17:28.491850Z TRACE ThreadId(01) adding file "textures\\yellow_inf_mech_wheeled.paa"
2024-11-10T21:17:28.495790Z TRACE ThreadId(01) adding file "textures\\yellow_mg_h.paa"
2024-11-10T21:17:28.499551Z TRACE ThreadId(01) adding file "textures\\yellow_ordnance.paa"
2024-11-10T21:17:28.503240Z TRACE ThreadId(01) adding file "textures\\red_artillery.paa"
2024-11-10T21:17:28.507084Z TRACE ThreadId(01) adding file "textures\\blue_inf_mech_wheeled.paa"
2024-11-10T21:17:28.510829Z TRACE ThreadId(01) adding file "textures\\yellow_signal.paa"
2024-11-10T21:17:28.514633Z TRACE ThreadId(01) adding file "textures\\red_transport.paa"
2024-11-10T21:17:28.518611Z TRACE ThreadId(01) adding file "textures\\orange_arm_spaag.paa"
2024-11-10T21:17:28.522405Z TRACE ThreadId(01) adding file "textures\\blue_uav.paa"
2024-11-10T21:17:28.526346Z TRACE ThreadId(01) adding file "textures\\red_uav.paa"
2024-11-10T21:17:28.530007Z TRACE ThreadId(01) adding file "textures\\orange_mg.paa"
2024-11-10T21:17:28.533604Z TRACE ThreadId(01) adding file "textures\\blue_fixedwing.paa"
2024-11-10T21:17:28.537378Z TRACE ThreadId(01) adding file "textures\\gray_amphi_mech_inf.paa"
2024-11-10T21:17:28.541086Z TRACE ThreadId(01) adding file "textures\\red_arm_spaag.paa"
2024-11-10T21:17:28.544800Z TRACE ThreadId(01) adding file "textures\\purple_mg_h.paa"
2024-11-10T21:17:28.548495Z TRACE ThreadId(01) adding file "textures\\blue_para_mech.paa"
2024-11-10T21:17:28.552135Z TRACE ThreadId(01) adding file "textures\\blue_service.paa"
2024-11-10T21:17:28.556051Z TRACE ThreadId(01) adding file "textures\\purple_artillery.paa"
2024-11-10T21:17:28.559859Z TRACE ThreadId(01) adding file "textures\\blue_recon_mech_wheeled.paa"
2024-11-10T21:17:28.563602Z TRACE ThreadId(01) adding file "textures\\purple_helo_attack.paa"
2024-11-10T21:17:28.567432Z TRACE ThreadId(01) adding file "textures\\yellow_hq2.paa"
2024-11-10T21:17:28.571142Z TRACE ThreadId(01) adding file "textures\\yellow_fixedwing.paa"
2024-11-10T21:17:28.574871Z TRACE ThreadId(01) adding file "textures\\orange_mortar.paa"
2024-11-10T21:17:28.578895Z TRACE ThreadId(01) adding file "textures\\gray_recon.paa"
2024-11-10T21:17:28.582645Z TRACE ThreadId(01) adding file "textures\\gray_amphi.paa"
2024-11-10T21:17:28.586712Z TRACE ThreadId(01) adding file "textures\\gray_mg.paa"
2024-11-10T21:17:28.590695Z TRACE ThreadId(01) adding file "textures\\gray_armor.paa"
2024-11-10T21:17:28.594711Z TRACE ThreadId(01) adding file "textures\\green_spaag.paa"
2024-11-10T21:17:28.599012Z TRACE ThreadId(01) adding file "textures\\orange_signal.paa"
2024-11-10T21:17:28.602809Z TRACE ThreadId(01) adding file "textures\\modif_company.paa"
2024-11-10T21:17:28.606570Z TRACE ThreadId(01) adding file "textures\\green.paa"
2024-11-10T21:17:28.607547Z TRACE ThreadId(01) adding file "textures\\green_inf_mech.paa"
2024-11-10T21:17:28.611160Z TRACE ThreadId(01) adding file "textures\\yellow_arm_airdef.paa"
2024-11-10T21:17:28.614919Z TRACE ThreadId(01) adding file "textures\\gray_antitank_rocket.paa"
2024-11-10T21:17:28.618814Z TRACE ThreadId(01) adding file "textures\\gray_inf_airmobile.paa"
2024-11-10T21:17:28.622514Z TRACE ThreadId(01) adding file "textures\\gray_inf.paa"
2024-11-10T21:17:28.626263Z TRACE ThreadId(01) adding file "textures\\green_inf_mech_wheeled.paa"
2024-11-10T21:17:28.629985Z TRACE ThreadId(01) adding file "textures\\orange_hq.paa"
2024-11-10T21:17:28.633707Z TRACE ThreadId(01) adding file "textures\\purple_engineer.paa"
2024-11-10T21:17:28.637373Z TRACE ThreadId(01) adding file "textures\\red_cross.paa"
2024-11-10T21:17:28.641382Z TRACE ThreadId(01) adding file "textures\\red_mg.paa"
2024-11-10T21:17:28.645362Z TRACE ThreadId(01) adding file "textures\\blue_armor_wheeled.paa"
2024-11-10T21:17:28.649619Z TRACE ThreadId(01) adding file "textures\\gray_airdef_not_a_nipple.paa"
2024-11-10T21:17:28.653565Z TRACE ThreadId(01) adding file "textures\\yellow_transport.paa"
2024-11-10T21:17:28.657308Z TRACE ThreadId(01) adding file "textures\\orange_artillery.paa"
2024-11-10T21:17:28.661019Z TRACE ThreadId(01) adding file "textures\\purple_arm_airdef.paa"
2024-11-10T21:17:28.664788Z TRACE ThreadId(01) adding file "textures\\green_fixedwing.paa"
2024-11-10T21:17:28.668547Z TRACE ThreadId(01) adding file "textures\\green_mortar.paa"
2024-11-10T21:17:28.672184Z TRACE ThreadId(01) adding file "textures\\green_sl_flag.paa"
2024-11-10T21:17:28.676038Z TRACE ThreadId(01) adding file "textures\\red_helo_attack.paa"
2024-11-10T21:17:28.679831Z TRACE ThreadId(01) adding file "textures\\yellow_service.paa"
2024-11-10T21:17:28.683509Z TRACE ThreadId(01) adding file "textures\\purple_ammo.paa"
2024-11-10T21:17:28.687296Z TRACE ThreadId(01) adding file "textures\\yellow_ammo.paa"
2024-11-10T21:17:28.690988Z TRACE ThreadId(01) adding file "textures\\yellow_amphi.paa"
2024-11-10T21:17:28.695059Z TRACE ThreadId(01) adding file "textures\\gray_inf_motor.paa"
2024-11-10T21:17:28.698833Z TRACE ThreadId(01) adding file "textures\\purple_inf_para.paa"
2024-11-10T21:17:28.702569Z TRACE ThreadId(01) adding file "textures\\orange_ammo.paa"
2024-11-10T21:17:28.706543Z TRACE ThreadId(01) adding file "textures\\purple_uav.paa"
2024-11-10T21:17:28.710370Z TRACE ThreadId(01) adding file "textures\\gray_para.paa"
2024-11-10T21:17:28.714086Z TRACE ThreadId(01) adding file "textures\\blue_spaag.paa"
2024-11-10T21:17:28.717950Z TRACE ThreadId(01) adding file "textures\\blue_antitank.paa"
2024-11-10T21:17:28.721605Z TRACE ThreadId(01) adding file "textures\\purple.paa"
2024-11-10T21:17:28.725471Z TRACE ThreadId(01) adding file "textures\\purple_sl_flag_s.paa"
2024-11-10T21:17:28.729327Z TRACE ThreadId(01) adding file "textures\\gray_chevrons.paa"
2024-11-10T21:17:28.733009Z TRACE ThreadId(01) adding file "textures\\gray_signal.paa"
2024-11-10T21:17:28.736722Z TRACE ThreadId(01) adding file "textures\\green_sl.paa"
2024-11-10T21:17:28.740653Z TRACE ThreadId(01) adding file "textures\\purple_logistics.paa"
2024-11-10T21:17:28.744456Z TRACE ThreadId(01) adding file "textures\\red_sf.paa"
2024-11-10T21:17:28.748309Z TRACE ThreadId(01) adding file "textures\\yellow_inf_airmobile.paa"
2024-11-10T21:17:28.751956Z TRACE ThreadId(01) adding file "textures\\orange_sl_flag.paa"
2024-11-10T21:17:28.756664Z TRACE ThreadId(01) adding file "textures\\blue_ammo.paa"
2024-11-10T21:17:28.760604Z TRACE ThreadId(01) adding file "textures\\green_rotarywing.paa"
2024-11-10T21:17:28.764299Z TRACE ThreadId(01) adding file "textures\\red_recon_mech.paa"
2024-11-10T21:17:28.767957Z TRACE ThreadId(01) adding file "textures\\gray_uav.paa"
2024-11-10T21:17:28.771800Z TRACE ThreadId(01) adding file "textures\\modif_o.paa"
2024-11-10T21:17:28.775490Z TRACE ThreadId(01) adding file "textures\\yellow_recon_mech_wheeled.paa"
2024-11-10T21:17:28.779411Z TRACE ThreadId(01) adding file "textures\\green_para_mech.paa"
2024-11-10T21:17:28.783225Z TRACE ThreadId(01) adding file "textures\\blue_ordnance.paa"
2024-11-10T21:17:28.788157Z TRACE ThreadId(01) adding file "textures\\modif_2dot.paa"
2024-11-10T21:17:28.791821Z TRACE ThreadId(01) adding file "textures\\red_amphi.paa"
2024-11-10T21:17:28.795654Z TRACE ThreadId(01) adding file "textures\\yellow_recon.paa"
2024-11-10T21:17:28.799443Z TRACE ThreadId(01) adding file "textures\\red_para_mech.paa"
2024-11-10T21:17:28.803146Z TRACE ThreadId(01) adding file "textures\\orange_inf_mech_wheeled.paa"
2024-11-10T21:17:28.807076Z TRACE ThreadId(01) adding file "textures\\red_inf_airmobile.paa"
2024-11-10T21:17:28.810818Z TRACE ThreadId(01) adding file "textures\\orange_spaag.paa"
2024-11-10T21:17:28.814643Z TRACE ThreadId(01) adding file "textures\\yellow_armor_wheeled.paa"
2024-11-10T21:17:28.819032Z TRACE ThreadId(01) adding file "textures\\purple_rotarywing.paa"
2024-11-10T21:17:28.822821Z TRACE ThreadId(01) adding file "textures\\orange_cross.paa"
2024-11-10T21:17:28.826534Z TRACE ThreadId(01) adding file "textures\\red_antitank.paa"
2024-11-10T21:17:28.830612Z TRACE ThreadId(01) adding file "textures\\yellow_armor.paa"
2024-11-10T21:17:28.834347Z TRACE ThreadId(01) adding file "textures\\yellow_artillery.paa"
2024-11-10T21:17:28.838205Z TRACE ThreadId(01) adding file "textures\\purple_recon_motor.paa"
2024-11-10T21:17:28.842131Z TRACE ThreadId(01) adding file "textures\\yellow_sl_flag.paa"
2024-11-10T21:17:28.846075Z TRACE ThreadId(01) adding file "textures\\green_recon.paa"
2024-11-10T21:17:28.850006Z TRACE ThreadId(01) adding file "textures\\yellow_arm_spaag.paa"
2024-11-10T21:17:28.853917Z TRACE ThreadId(01) adding file "textures\\purple_antitank.paa"
2024-11-10T21:17:28.857656Z TRACE ThreadId(01) adding file "textures\\green_transport.paa"
2024-11-10T21:17:28.861527Z TRACE ThreadId(01) adding file "textures\\gray_engineer.paa"
2024-11-10T21:17:28.865462Z TRACE ThreadId(01) adding file "textures\\empty.paa"
2024-11-10T21:17:28.868906Z TRACE ThreadId(01) adding file "textures\\orange_arm_airdef.paa"
2024-11-10T21:17:28.872597Z TRACE ThreadId(01) adding file "textures\\orange_recon_mech_wheeled.paa"
2024-11-10T21:17:28.876772Z TRACE ThreadId(01) adding file "textures\\gray.paa"
2024-11-10T21:17:28.877795Z TRACE ThreadId(01) adding file "textures\\yellow_inf_para.paa"
2024-11-10T21:17:28.881558Z TRACE ThreadId(01) adding file "textures\\red_mortar.paa"
2024-11-10T21:17:28.885260Z TRACE ThreadId(01) adding file "textures\\orange_armor_wheeled.paa"
2024-11-10T21:17:28.888924Z TRACE ThreadId(01) adding file "textures\\purple_antitank_rocket.paa"
2024-11-10T21:17:28.892727Z TRACE ThreadId(01) adding file "textures\\green_ammo.paa"
2024-11-10T21:17:28.896520Z TRACE ThreadId(01) adding file "textures\\red.paa"
2024-11-10T21:17:28.897502Z TRACE ThreadId(01) adding file "textures\\gray_inf_para.paa"
2024-11-10T21:17:28.901367Z TRACE ThreadId(01) adding file "textures\\purple_cross.paa"
2024-11-10T21:17:28.905425Z TRACE ThreadId(01) adding file "textures\\green_service.paa"
2024-11-10T21:17:28.909525Z TRACE ThreadId(01) adding file "textures\\green_inf_motor.paa"
2024-11-10T21:17:28.913221Z TRACE ThreadId(01) adding file "textures\\red_hq2.paa"
2024-11-10T21:17:28.916902Z TRACE ThreadId(01) adding file "functions\\fnc_draw.sqf"
2024-11-10T21:17:28.917223Z TRACE ThreadId(01) adding file "functions\\fnc_getGroupMarkerData.sqf"
2024-11-10T21:17:28.917387Z TRACE ThreadId(01) adding file "functions\\fnc_draw.sqfc"
2024-11-10T21:17:28.917400Z TRACE ThreadId(01) adding file "functions\\fnc_renameUnitAndGroups.sqfc"
2024-11-10T21:17:28.917566Z TRACE ThreadId(01) adding file "functions\\fnc_createBriefingPage.sqf"
2024-11-10T21:17:28.917903Z TRACE ThreadId(01) adding file "functions\\fnc_loadTeams.sqf"
2024-11-10T21:17:28.918217Z TRACE ThreadId(01) adding file "functions\\fnc_renameUnitAndGroups.sqf"
2024-11-10T21:17:28.918530Z TRACE ThreadId(01) adding file "functions\\fnc_setup.sqf"
2024-11-10T21:17:28.918844Z TRACE ThreadId(01) adding file "functions\\fnc_setMarkerUpdateInterval.sqf"
2024-11-10T21:17:28.919155Z TRACE ThreadId(01) adding file "functions\\fnc_updateArray.sqf"
2024-11-10T21:17:28.919315Z TRACE ThreadId(01) adding file "functions\\fnc_createBriefingPage.sqfc"
2024-11-10T21:17:28.919327Z TRACE ThreadId(01) adding file "functions\\fnc_setMarkerUpdateInterval.sqfc"
2024-11-10T21:17:28.919336Z TRACE ThreadId(01) adding file "functions\\fnc_findOrbatParent.sqfc"
2024-11-10T21:17:28.919345Z TRACE ThreadId(01) adding file "functions\\fnc_drawArrayRec.sqfc"
2024-11-10T21:17:28.919353Z TRACE ThreadId(01) adding file "functions\\fnc_getGroupMarkerData.sqfc"
2024-11-10T21:17:28.919520Z TRACE ThreadId(01) adding file "functions\\fnc_drawArrayRec.sqf"
2024-11-10T21:17:28.919680Z TRACE ThreadId(01) adding file "functions\\fnc_add.sqfc"
2024-11-10T21:17:28.919691Z TRACE ThreadId(01) adding file "functions\\fnc_updateArray.sqfc"
2024-11-10T21:17:28.919700Z TRACE ThreadId(01) adding file "functions\\fnc_setup.sqfc"
2024-11-10T21:17:28.919709Z TRACE ThreadId(01) adding file "functions\\fnc_loadTeams.sqfc"
2024-11-10T21:17:28.919873Z TRACE ThreadId(01) adding file "functions\\fnc_add.sqf"
2024-11-10T21:17:28.920182Z TRACE ThreadId(01) adding file "functions\\fnc_findOrbatParent.sqf"
2024-11-10T21:17:28.920498Z TRACE ThreadId(01) adding file "Cfg3DEN\\attr_orbatSettings.hpp"
2024-11-10T21:17:28.920810Z TRACE ThreadId(01) adding file "Cfg3DEN\\Attributes.hpp"
2024-11-10T21:17:28.921119Z TRACE ThreadId(01) adding file "Cfg3DEN\\attr_twGroupMarker.hpp"
2024-11-10T21:17:28.921495Z TRACE ThreadId(01) adding file "Cfg3DEN\\Mission.hpp"
2024-11-10T21:17:28.921817Z TRACE ThreadId(01) adding file "Cfg3DEN\\attr_renamer.hpp"
2024-11-10T21:17:28.922126Z TRACE ThreadId(01) adding file "Cfg3DEN\\attr_twUnitMarker.hpp"
2024-11-10T21:17:28.922437Z TRACE ThreadId(01) adding file "Cfg3DEN\\attr_team.hpp"
2024-11-10T21:17:28.922749Z TRACE ThreadId(01) adding file "Cfg3DEN\\Group.hpp"
2024-11-10T21:17:28.923057Z TRACE ThreadId(01) adding file "Cfg3DEN\\Object.hpp"
2024-11-10T21:17:28.923374Z TRACE ThreadId(01) adding file "ui\\arrow_top_ca.paa"
2024-11-10T21:17:28.927360Z TRACE ThreadId(01) adding file "ui\\arrow_bottom_ca.paa"
2024-11-10T21:17:28.930961Z TRACE ThreadId(01) adding file "ui\\arrow_w.paa"
2024-11-10T21:17:28.934809Z TRACE ThreadId(01) adding file "ui_scripts\\OrbatSettings_move.sqf"
2024-11-10T21:17:28.935150Z TRACE ThreadId(01) adding file "ui_scripts\\OrbatSettings_editOrbatEntryClickCancel.sqf"
2024-11-10T21:17:28.935323Z TRACE ThreadId(01) adding file "ui_scripts\\OrbatSettings.sqfc"
2024-11-10T21:17:28.935500Z TRACE ThreadId(01) adding file "ui_scripts\\OrbatSettings_treeDelClick.sqf"
2024-11-10T21:17:28.935674Z TRACE ThreadId(01) adding file "ui_scripts\\GroupMarker_attributeSave.sqfc"
2024-11-10T21:17:28.935847Z TRACE ThreadId(01) adding file "ui_scripts\\OrbatSettings_treeMoveClick.sqf"
2024-11-10T21:17:28.936012Z TRACE ThreadId(01) adding file "ui_scripts\\UnitMarker_onLoad.sqfc"
2024-11-10T21:17:28.936181Z TRACE ThreadId(01) adding file "ui_scripts\\UnitMarker_attributeLoad.sqf"
2024-11-10T21:17:28.936345Z TRACE ThreadId(01) adding file "ui_scripts\\OrbatSettings_editOrbatEntryClickOkay.sqfc"
2024-11-10T21:17:28.936514Z TRACE ThreadId(01) adding file "ui_scripts\\OrbatSettings_orbatBinChanged.sqf"
2024-11-10T21:17:28.936832Z TRACE ThreadId(01) adding file "ui_scripts\\OrbatSettings_refreshTree.sqf"
2024-11-10T21:17:28.937058Z TRACE ThreadId(01) adding file "ui_scripts\\GroupMarker.sqfc"
2024-11-10T21:17:28.937231Z TRACE ThreadId(01) adding file "ui_scripts\\UnitMarker_attributeSave.sqf"
2024-11-10T21:17:28.937393Z TRACE ThreadId(01) adding file "ui_scripts\\OrbatSettings_treeMoveClick.sqfc"
2024-11-10T21:17:28.937404Z TRACE ThreadId(01) adding file "ui_scripts\\OrbatSettings_attributeSave.sqfc"
2024-11-10T21:17:28.937572Z TRACE ThreadId(01) adding file "ui_scripts\\OrbatSettings_moveTreeDoubleClick.sqf"
2024-11-10T21:17:28.937736Z TRACE ThreadId(01) adding file "ui_scripts\\OrbatSettings_refreshTree.sqfc"
2024-11-10T21:17:28.937747Z TRACE ThreadId(01) adding file "ui_scripts\\GroupMarker_attributeLoad.sqfc"
2024-11-10T21:17:28.937757Z TRACE ThreadId(01) adding file "ui_scripts\\OrbatSettings_editOrbatEntryClickCancel.sqfc"
2024-11-10T21:17:28.937766Z TRACE ThreadId(01) adding file "ui_scripts\\OrbatSettings_onLoad.sqfc"
2024-11-10T21:17:28.937934Z TRACE ThreadId(01) adding file "ui_scripts\\GroupMarker_attributeSave.sqf"
2024-11-10T21:17:28.938250Z TRACE ThreadId(01) adding file "ui_scripts\\OrbatSettings_attributeSave.sqf"
2024-11-10T21:17:28.938566Z TRACE ThreadId(01) adding file "ui_scripts\\UnitMarker_onLoad.sqf"
2024-11-10T21:17:28.938882Z TRACE ThreadId(01) adding file "ui_scripts\\OrbatSettings_editOrbatEntryClickOkay.sqf"
2024-11-10T21:17:28.939202Z TRACE ThreadId(01) adding file "ui_scripts\\OrbatSettings_onLoad.sqf"
2024-11-10T21:17:28.939520Z TRACE ThreadId(01) adding file "ui_scripts\\OrbatSettings_orbatToggleButton.sqf"
2024-11-10T21:17:28.939685Z TRACE ThreadId(01) adding file "ui_scripts\\OrbatSettings_moveTreeDoubleClick.sqfc"
2024-11-10T21:17:28.939853Z TRACE ThreadId(01) adding file "ui_scripts\\UnitMarker.sqf"
2024-11-10T21:17:28.940015Z TRACE ThreadId(01) adding file "ui_scripts\\OrbatSettings_attributeLoad.sqfc"
2024-11-10T21:17:28.940026Z TRACE ThreadId(01) adding file "ui_scripts\\GroupMarker_onLoad.sqfc"
2024-11-10T21:17:28.940035Z TRACE ThreadId(01) adding file "ui_scripts\\OrbatSettings_move.sqfc"
2024-11-10T21:17:28.940044Z TRACE ThreadId(01) adding file "ui_scripts\\OrbatSettings_orbatBinChanged.sqfc"
2024-11-10T21:17:28.940053Z TRACE ThreadId(01) adding file "ui_scripts\\UnitMarker_attributeLoad.sqfc"
2024-11-10T21:17:28.940061Z TRACE ThreadId(01) adding file "ui_scripts\\OrbatSettings_treeAddClick.sqfc"
2024-11-10T21:17:28.940229Z TRACE ThreadId(01) adding file "ui_scripts\\GroupMarker_attributeLoad.sqf"
2024-11-10T21:17:28.940546Z TRACE ThreadId(01) adding file "ui_scripts\\OrbatSettings_treeAddClick.sqf"
2024-11-10T21:17:28.940862Z TRACE ThreadId(01) adding file "ui_scripts\\OrbatSettings_treeEditClick.sqf"
2024-11-10T21:17:28.941094Z TRACE ThreadId(01) adding file "ui_scripts\\OrbatSettings_treeEditClick.sqfc"
2024-11-10T21:17:28.941109Z TRACE ThreadId(01) adding file "ui_scripts\\UnitMarker_attributeSave.sqfc"
2024-11-10T21:17:28.941278Z TRACE ThreadId(01) adding file "ui_scripts\\GroupMarker_onLoad.sqf"
2024-11-10T21:17:28.941440Z TRACE ThreadId(01) adding file "ui_scripts\\OrbatSettings_orbatToggleButton.sqfc"
2024-11-10T21:17:28.941452Z TRACE ThreadId(01) adding file "ui_scripts\\UnitMarker.sqfc"
2024-11-10T21:17:28.941461Z TRACE ThreadId(01) adding file "ui_scripts\\OrbatSettings_treeDelClick.sqfc"
2024-11-10T21:17:28.941627Z TRACE ThreadId(01) adding file "ui_scripts\\GroupMarker.sqf"
2024-11-10T21:17:28.941938Z TRACE ThreadId(01) adding file "ui_scripts\\OrbatSettings.sqf"
2024-11-10T21:17:28.942254Z TRACE ThreadId(01) adding file "ui_scripts\\OrbatSettings_attributeLoad.sqf"
2024-11-10T21:17:28.942576Z TRACE ThreadId(01) adding file "weapon_textures\\autorifle_sc.paa"
2024-11-10T21:17:28.946823Z TRACE ThreadId(01) adding file "weapon_textures\\radio.paa"
2024-11-10T21:17:28.950056Z TRACE ThreadId(01) adding file "weapon_textures\\pistol_al.paa"
2024-11-10T21:17:28.953406Z TRACE ThreadId(01) adding file "weapon_textures\\radioLR.paa"
2024-11-10T21:17:28.956580Z TRACE ThreadId(01) adding file "weapon_textures\\rifleman_ugl_su.paa"
2024-11-10T21:17:28.960342Z TRACE ThreadId(01) adding file "weapon_textures\\tow_st.paa"
2024-11-10T21:17:28.964229Z TRACE ThreadId(01) adding file "weapon_textures\\smg_st.paa"
2024-11-10T21:17:28.967683Z TRACE ThreadId(01) adding file "weapon_textures\\carbine_ugl_su.paa"
2024-11-10T21:17:28.971514Z TRACE ThreadId(01) adding file "weapon_textures\\pistol_su.paa"
2024-11-10T21:17:28.974929Z TRACE ThreadId(01) adding file "weapon_textures\\carbine_sc.paa"
2024-11-10T21:17:28.978594Z TRACE ThreadId(01) adding file "weapon_textures\\autorifle_su.paa"
2024-11-10T21:17:28.982222Z TRACE ThreadId(01) adding file "weapon_textures\\gl_sc.paa"
2024-11-10T21:17:28.986702Z TRACE ThreadId(01) adding file "weapon_textures\\medic.paa"
2024-11-10T21:17:28.990352Z TRACE ThreadId(01) adding file "weapon_textures\\rifleman_sc.paa"
2024-11-10T21:17:28.994197Z TRACE ThreadId(01) adding file "weapon_textures\\gl_st.paa"
2024-11-10T21:17:28.997562Z TRACE ThreadId(01) adding file "weapon_textures\\ugl_round_smoke.paa"
2024-11-10T21:17:29.000849Z TRACE ThreadId(01) adding file "weapon_textures\\carbine_ugl_al.paa"
2024-11-10T21:17:29.004725Z TRACE ThreadId(01) adding file "weapon_textures\\carbine_su.paa"
2024-11-10T21:17:29.008415Z TRACE ThreadId(01) adding file "weapon_textures\\carbine_al.paa"
2024-11-10T21:17:29.012036Z TRACE ThreadId(01) adding file "weapon_textures\\sniper_sc.paa"
2024-11-10T21:17:29.016021Z TRACE ThreadId(01) adding file "weapon_textures\\carbine_ugl_sc.paa"
2024-11-10T21:17:29.020052Z TRACE ThreadId(01) adding file "weapon_textures\\ugl_round_flare.paa"
2024-11-10T21:17:29.023444Z TRACE ThreadId(01) adding file "weapon_textures\\carbine_st.paa"
2024-11-10T21:17:29.027307Z TRACE ThreadId(01) adding file "weapon_textures\\rifleman_ugl_st.paa"
2024-11-10T21:17:29.031082Z TRACE ThreadId(01) adding file "weapon_textures\\autorifle_st.paa"
2024-11-10T21:17:29.034815Z TRACE ThreadId(01) adding file "weapon_textures\\carbine_ugl_st.paa"
2024-11-10T21:17:29.038519Z TRACE ThreadId(01) adding file "weapon_textures\\backpack_ammo.paa"
2024-11-10T21:17:29.041899Z TRACE ThreadId(01) adding file "weapon_textures\\dmr_sc.paa"
2024-11-10T21:17:29.045682Z TRACE ThreadId(01) adding file "weapon_textures\\binoculars.paa"
2024-11-10T21:17:29.048898Z TRACE ThreadId(01) adding file "weapon_textures\\mat_sc.paa"
2024-11-10T21:17:29.052523Z TRACE ThreadId(01) adding file "weapon_textures\\sniper_su.paa"
2024-11-10T21:17:29.056248Z TRACE ThreadId(01) adding file "weapon_textures\\pistol_st.paa"
2024-11-10T21:17:29.059620Z TRACE ThreadId(01) adding file "weapon_textures\\smg_al.paa"
2024-11-10T21:17:29.063001Z TRACE ThreadId(01) adding file "weapon_textures\\sniper_st.paa"
2024-11-10T21:17:29.066743Z TRACE ThreadId(01) adding file "weapon_textures\\autorifle_al.paa"
2024-11-10T21:17:29.070376Z TRACE ThreadId(01) adding file "weapon_textures\\hat_st.paa"
2024-11-10T21:17:29.074055Z TRACE ThreadId(01) adding file "weapon_textures\\mortar_st.paa"
2024-11-10T21:17:29.077827Z TRACE ThreadId(01) adding file "weapon_textures\\dmr_st.paa"
2024-11-10T21:17:29.081575Z TRACE ThreadId(01) adding file "weapon_textures\\rifleman_ugl_al.paa"
2024-11-10T21:17:29.085300Z TRACE ThreadId(01) adding file "weapon_textures\\smg_su.paa"
2024-11-10T21:17:29.088639Z TRACE ThreadId(01) adding file "weapon_textures\\rifleman_su.paa"
2024-11-10T21:17:29.092460Z TRACE ThreadId(01) adding file "weapon_textures\\hmg_st.paa"
2024-11-10T21:17:29.096218Z TRACE ThreadId(01) adding file "weapon_textures\\shotgun_su.paa"
2024-11-10T21:17:29.099931Z TRACE ThreadId(01) adding file "weapon_textures\\backpack_tripod.paa"
2024-11-10T21:17:29.103500Z TRACE ThreadId(01) adding file "weapon_textures\\gmg_st.paa"
2024-11-10T21:17:29.108078Z TRACE ThreadId(01) adding file "weapon_textures\\rifleman_al.paa"
2024-11-10T21:17:29.111836Z TRACE ThreadId(01) adding file "weapon_textures\\smg_sc.paa"
2024-11-10T21:17:29.115233Z TRACE ThreadId(01) adding file "weapon_textures\\dmr_al.paa"
2024-11-10T21:17:29.119042Z TRACE ThreadId(01) adding file "weapon_textures\\dmr_su.paa"
2024-11-10T21:17:29.122761Z TRACE ThreadId(01) adding file "weapon_textures\\shotgun_st.paa"
2024-11-10T21:17:29.127865Z TRACE ThreadId(01) adding file "weapon_textures\\pistol_sc.paa"
2024-11-10T21:17:29.131205Z TRACE ThreadId(01) adding file "weapon_textures\\hmg_sc.paa"
2024-11-10T21:17:29.134891Z TRACE ThreadId(01) adding file "weapon_textures\\mat_st.paa"
2024-11-10T21:17:29.138580Z TRACE ThreadId(01) adding file "weapon_textures\\rifleman_ugl_sc.paa"
2024-11-10T21:17:29.142330Z TRACE ThreadId(01) adding file "weapon_textures\\lat_st.paa"
2024-11-10T21:17:29.146076Z TRACE ThreadId(01) adding file "weapon_textures\\ugl_round_frag.paa"
2024-11-10T21:17:29.149281Z TRACE ThreadId(01) adding file "weapon_textures\\rifleman_all.paa"
2024-11-10T21:17:29.150142Z TRACE ThreadId(01) adding file "weapon_textures\\sniper_al.paa"
2024-11-10T21:17:29.154622Z TRACE ThreadId(01) adding file "weapon_textures\\rifleman_st.paa"
2024-11-10T21:17:29.176857Z DEBUG ThreadId(01) "G:\\dev\\TMF\\.hemttout\\build\\addons" already exists
2024-11-10T21:17:29.176878Z DEBUG ThreadId(01) building "addons/patrol" => "G:\\dev\\TMF\\.hemttout\\build\\addons\\tmf_patrol.pbo"
2024-11-10T21:17:29.179848Z TRACE ThreadId(01) adding file "XEH_preStart.sqfc"
2024-11-10T21:17:29.180013Z TRACE ThreadId(01) adding file "display3DEN.hpp"
2024-11-10T21:17:29.180324Z TRACE ThreadId(01) adding file "display3DENEditbox.hpp"
2024-11-10T21:17:29.180634Z TRACE ThreadId(01) adding file "CfgEventHandlers.hpp"
2024-11-10T21:17:29.180943Z TRACE ThreadId(01) adding file "script_component.hpp"
2024-11-10T21:17:29.181252Z TRACE ThreadId(01) adding file "XEH_PREP.hpp"
2024-11-10T21:17:29.181561Z TRACE ThreadId(01) adding file "XEH_preStart.sqf"
2024-11-10T21:17:29.181870Z TRACE ThreadId(01) adding file "XEH_preInit.sqf"
2024-11-10T21:17:29.182263Z TRACE ThreadId(01) adding file "config.cpp"
2024-11-10T21:17:29.182424Z TRACE ThreadId(01) adding file "XEH_preInit.sqfc"
2024-11-10T21:17:29.182437Z TRACE ThreadId(01) adding file "functions\\fnc_patrol.sqfc"
2024-11-10T21:17:29.182446Z TRACE ThreadId(01) adding file "functions\\fnc_3denPatrol.sqfc"
2024-11-10T21:17:29.182610Z TRACE ThreadId(01) adding file "functions\\fnc_patrol.sqf"
2024-11-10T21:17:29.182935Z TRACE ThreadId(01) adding file "functions\\fnc_3denPatrol.sqf"
2024-11-10T21:17:29.183934Z DEBUG ThreadId(01) "G:\\dev\\TMF\\.hemttout\\build\\addons" already exists
2024-11-10T21:17:29.183959Z DEBUG ThreadId(01) building "addons/respawn" => "G:\\dev\\TMF\\.hemttout\\build\\addons\\tmf_respawn.pbo"
2024-11-10T21:17:29.187511Z TRACE ThreadId(01) adding file "XEH_postInit.sqfc"
2024-11-10T21:17:29.188365Z TRACE ThreadId(01) adding file "dialogs.hpp"
2024-11-10T21:17:29.188676Z TRACE ThreadId(01) adding file "defines.hpp"
2024-11-10T21:17:29.188992Z TRACE ThreadId(01) adding file "XEH_preStart.sqf"
2024-11-10T21:17:29.189446Z TRACE ThreadId(01) adding file "CfgEventHandlers.hpp"
2024-11-10T21:17:29.189764Z TRACE ThreadId(01) adding file "script_component.hpp"
2024-11-10T21:17:29.190247Z TRACE ThreadId(01) adding file "Cfg3DEN.hpp"
2024-11-10T21:17:29.190411Z TRACE ThreadId(01) adding file "XEH_preInit.sqfc"
2024-11-10T21:17:29.190576Z TRACE ThreadId(01) adding file "XEH_preInit.sqf"
2024-11-10T21:17:29.190987Z TRACE ThreadId(01) adding file "config.cpp"
2024-11-10T21:17:29.191148Z TRACE ThreadId(01) adding file "XEH_preStart.sqfc"
2024-11-10T21:17:29.191328Z TRACE ThreadId(01) adding file "XEH_postInit.sqf"
2024-11-10T21:17:29.191658Z TRACE ThreadId(01) adding file "XEH_PREP.hpp"
2024-11-10T21:17:29.191999Z TRACE ThreadId(01) adding file "functions\\fnc_respawnGroupMarkerUpdate.sqf"
2024-11-10T21:17:29.192167Z TRACE ThreadId(01) adding file "functions\\fnc_respawnLocalClient.sqfc"
2024-11-10T21:17:29.192349Z TRACE ThreadId(01) adding file "functions\\fnc_respawnWaveServer.sqf"
2024-11-10T21:17:29.192702Z TRACE ThreadId(01) adding file "functions\\fnc_loadGear.sqf"
2024-11-10T21:17:29.193047Z TRACE ThreadId(01) adding file "functions\\fnc_handleRespawnUI.sqf"
2024-11-10T21:17:29.193247Z TRACE ThreadId(01) adding file "functions\\fnc_handleRespawnUI.sqfc"
2024-11-10T21:17:29.193420Z TRACE ThreadId(01) adding file "functions\\fnc_respawnDrawMapIcons.sqf"
2024-11-10T21:17:29.193602Z TRACE ThreadId(01) adding file "functions\\fnc_respawnWaveServer.sqfc"
2024-11-10T21:17:29.193615Z TRACE ThreadId(01) adding file "functions\\fnc_respawnGroupMarkerUpdate.sqfc"
2024-11-10T21:17:29.193623Z TRACE ThreadId(01) adding file "functions\\fnc_respawnDrawMapIcons.sqfc"
2024-11-10T21:17:29.193632Z TRACE ThreadId(01) adding file "functions\\fnc_loadGear.sqfc"
2024-11-10T21:17:29.193808Z TRACE ThreadId(01) adding file "functions\\fnc_respawnLocalClient.sqf"
2024-11-10T21:17:29.195222Z DEBUG ThreadId(01) "G:\\dev\\TMF\\.hemttout\\build\\addons" already exists
2024-11-10T21:17:29.195234Z DEBUG ThreadId(01) building "addons/safestart" => "G:\\dev\\TMF\\.hemttout\\build\\addons\\tmf_safestart.pbo"
2024-11-10T21:17:29.199922Z TRACE ThreadId(01) adding file "BriefingScreenControls.hpp"
2024-11-10T21:17:29.200245Z TRACE ThreadId(01) adding file "CfgEventhandlers.hpp"
2024-11-10T21:17:29.200563Z TRACE ThreadId(01) adding file "XEH_preStart.sqfc"
2024-11-10T21:17:29.201219Z TRACE ThreadId(01) adding file "CfgNonAIVehicles.hpp"
2024-11-10T21:17:29.201620Z TRACE ThreadId(01) adding file "config.cpp"
2024-11-10T21:17:29.201778Z TRACE ThreadId(01) adding file "XEH_preInit.sqfc"
2024-11-10T21:17:29.201940Z TRACE ThreadId(01) adding file "XEH_preStart.sqf"
2024-11-10T21:17:29.202250Z TRACE ThreadId(01) adding file "RscDisplayGetReady.hpp"
2024-11-10T21:17:29.202561Z TRACE ThreadId(01) adding file "initSettings.sqf"
2024-11-10T21:17:29.202870Z TRACE ThreadId(01) adding file "CfgRemoteExec.hpp"
2024-11-10T21:17:29.203204Z TRACE ThreadId(01) adding file "XEH_PREP.hpp"
2024-11-10T21:17:29.203364Z TRACE ThreadId(01) adding file "initSettings.sqfc"
2024-11-10T21:17:29.203528Z TRACE ThreadId(01) adding file "XEH_preInit.sqf"
2024-11-10T21:17:29.203840Z TRACE ThreadId(01) adding file "script_component.hpp"
2024-11-10T21:17:29.204149Z TRACE ThreadId(01) adding file "CfgModules.hpp"
2024-11-10T21:17:29.204460Z TRACE ThreadId(01) adding file "RscTitles.hpp"
2024-11-10T21:17:29.204769Z TRACE ThreadId(01) adding file "functions\\fnc_set.sqf"
2024-11-10T21:17:29.205078Z TRACE ThreadId(01) adding file "functions\\pfh_perframe.sqf"
2024-11-10T21:17:29.205240Z TRACE ThreadId(01) adding file "functions\\fnc_isActive.sqfc"
2024-11-10T21:17:29.205404Z TRACE ThreadId(01) adding file "functions\\fnc_moduleInit.sqf"
2024-11-10T21:17:29.205564Z TRACE ThreadId(01) adding file "functions\\fnc_moduleInit.sqfc"
2024-11-10T21:17:29.205728Z TRACE ThreadId(01) adding file "functions\\fnc_briefingText.sqf"
2024-11-10T21:17:29.206040Z TRACE ThreadId(01) adding file "functions\\fnc_isActive.sqf"
2024-11-10T21:17:29.206198Z TRACE ThreadId(01) adding file "functions\\fnc_timeRemaining.sqfc"
2024-11-10T21:17:29.206209Z TRACE ThreadId(01) adding file "functions\\fnc_end.sqfc"
2024-11-10T21:17:29.206221Z TRACE ThreadId(01) adding file "functions\\fnc_briefingText.sqfc"
2024-11-10T21:17:29.206230Z TRACE ThreadId(01) adding file "functions\\pfh_perframe.sqfc"
2024-11-10T21:17:29.206239Z TRACE ThreadId(01) adding file "functions\\pfh_start.sqfc"
2024-11-10T21:17:29.206403Z TRACE ThreadId(01) adding file "functions\\fnc_timeRemaining.sqf"
2024-11-10T21:17:29.206717Z TRACE ThreadId(01) adding file "functions\\pfh_exit.sqf"
2024-11-10T21:17:29.206878Z TRACE ThreadId(01) adding file "functions\\fnc_init.sqfc"
2024-11-10T21:17:29.206889Z TRACE ThreadId(01) adding file "functions\\pfh_exit.sqfc"
2024-11-10T21:17:29.207051Z TRACE ThreadId(01) adding file "functions\\fnc_end.sqf"
2024-11-10T21:17:29.207363Z TRACE ThreadId(01) adding file "functions\\pfh_start.sqf"
2024-11-10T21:17:29.207526Z TRACE ThreadId(01) adding file "functions\\fnc_set.sqfc"
2024-11-10T21:17:29.207690Z TRACE ThreadId(01) adding file "functions\\fnc_init.sqf"
2024-11-10T21:17:29.208914Z DEBUG ThreadId(01) "G:\\dev\\TMF\\.hemttout\\build\\addons" already exists
2024-11-10T21:17:29.208923Z DEBUG ThreadId(01) building "addons/spectator" => "G:\\dev\\TMF\\.hemttout\\build\\addons\\tmf_spectator.pbo"
2024-11-10T21:17:29.219679Z TRACE ThreadId(01) adding file "XEH_postInit.sqfc"
2024-11-10T21:17:29.219860Z TRACE ThreadId(01) adding file "XEH_clientPostInit.sqf"
2024-11-10T21:17:29.220172Z TRACE ThreadId(01) adding file "XEH_preStart.sqf"
2024-11-10T21:17:29.220334Z TRACE ThreadId(01) adding file "initSettings.sqfc"
2024-11-10T21:17:29.220498Z TRACE ThreadId(01) adding file "XEH_postInit.sqf"
2024-11-10T21:17:29.220805Z TRACE ThreadId(01) adding file "CfgVehicles.hpp"
2024-11-10T21:17:29.221113Z TRACE ThreadId(01) adding file "initSettings.sqf"
2024-11-10T21:17:29.221427Z TRACE ThreadId(01) adding file "dialog.hpp"
2024-11-10T21:17:29.221591Z TRACE ThreadId(01) adding file "XEH_preStart.sqfc"
2024-11-10T21:17:29.222057Z TRACE ThreadId(01) adding file "tags.hpp"
2024-11-10T21:17:29.222367Z TRACE ThreadId(01) adding file "XEH_preInit.sqf"
2024-11-10T21:17:29.222677Z TRACE ThreadId(01) adding file "XEH_PREP.hpp"
2024-11-10T21:17:29.222987Z TRACE ThreadId(01) adding file "script_component.hpp"
2024-11-10T21:17:29.223303Z TRACE ThreadId(01) adding file "autotest.hpp"
2024-11-10T21:17:29.223614Z TRACE ThreadId(01) adding file "display3DEN.hpp"
2024-11-10T21:17:29.223775Z TRACE ThreadId(01) adding file "XEH_clientPostInit.sqfc"
2024-11-10T21:17:29.223939Z TRACE ThreadId(01) adding file "CfgEventHandlers.hpp"
2024-11-10T21:17:29.224338Z TRACE ThreadId(01) adding file "config.cpp"
2024-11-10T21:17:29.224497Z TRACE ThreadId(01) adding file "XEH_preInit.sqfc"
2024-11-10T21:17:29.224509Z TRACE ThreadId(01) adding file "functions\\fnc_objectiveModule.sqfc"
2024-11-10T21:17:29.224675Z TRACE ThreadId(01) adding file "functions\\fnc_zeusUnload.sqf"
2024-11-10T21:17:29.224837Z TRACE ThreadId(01) adding file "functions\\fnc_getCardinal.sqfc"
2024-11-10T21:17:29.225003Z TRACE ThreadId(01) adding file "functions\\fnc_keyhandler.sqf"
2024-11-10T21:17:29.225315Z TRACE ThreadId(01) adding file "functions\\fnc_createGroupControl.sqf"
2024-11-10T21:17:29.225628Z TRACE ThreadId(01) adding file "functions\\fnc_testSpectator.sqf"
2024-11-10T21:17:29.225790Z TRACE ThreadId(01) adding file "functions\\fnc_testSpectator.sqfc"
2024-11-10T21:17:29.225955Z TRACE ThreadId(01) adding file "functions\\fnc_onFired.sqf"
2024-11-10T21:17:29.226116Z TRACE ThreadId(01) adding file "functions\\fnc_perFrameHandler.sqfc"
2024-11-10T21:17:29.226283Z TRACE ThreadId(01) adding file "functions\\fnc_objectiveModule.sqf"
2024-11-10T21:17:29.226598Z TRACE ThreadId(01) adding file "functions\\fnc_controlSetPicture.sqf"
2024-11-10T21:17:29.226761Z TRACE ThreadId(01) adding file "functions\\fnc_drawVehicleMarker.sqfc"
2024-11-10T21:17:29.226773Z TRACE ThreadId(01) adding file "functions\\fnc_onChange.sqfc"
2024-11-10T21:17:29.226781Z TRACE ThreadId(01) adding file "functions\\fnc_onModeSwitch.sqfc"
2024-11-10T21:17:29.226945Z TRACE ThreadId(01) adding file "functions\\fnc_initSpectatorUnit.sqf"
2024-11-10T21:17:29.227108Z TRACE ThreadId(01) adding file "functions\\fnc_mouseHandler.sqfc"
2024-11-10T21:17:29.227120Z TRACE ThreadId(01) adding file "functions\\fnc_createVehicleControl.sqfc"
2024-11-10T21:17:29.227283Z TRACE ThreadId(01) adding file "functions\\fnc_isOpen.sqf"
2024-11-10T21:17:29.227444Z TRACE ThreadId(01) adding file "functions\\fnc_initSpectatorUnit.sqfc"
2024-11-10T21:17:29.227611Z TRACE ThreadId(01) adding file "functions\\fnc_createUnitNode.sqf"
2024-11-10T21:17:29.227922Z TRACE ThreadId(01) adding file "functions\\fnc_getCameraPos.sqf"
2024-11-10T21:17:29.228234Z TRACE ThreadId(01) adding file "functions\\fnc_onModeSwitch.sqf"
2024-11-10T21:17:29.228544Z TRACE ThreadId(01) adding file "functions\\fnc_processData.sqf"
2024-11-10T21:17:29.228706Z TRACE ThreadId(01) adding file "functions\\fnc_drawUnitMarker.sqfc"
2024-11-10T21:17:29.228871Z TRACE ThreadId(01) adding file "functions\\fnc_handleCamera.sqf"
2024-11-10T21:17:29.229055Z TRACE ThreadId(01) adding file "functions\\fnc_onScreen.sqfc"
2024-11-10T21:17:29.229228Z TRACE ThreadId(01) adding file "functions\\fnc_init.sqf"
2024-11-10T21:17:29.229401Z TRACE ThreadId(01) adding file "functions\\fnc_keyhandler.sqfc"
2024-11-10T21:17:29.229412Z TRACE ThreadId(01) adding file "functions\\fnc_init.sqfc"
2024-11-10T21:17:29.229420Z TRACE ThreadId(01) adding file "functions\\fnc_createGroupNode.sqfc"
2024-11-10T21:17:29.229429Z TRACE ThreadId(01) adding file "functions\\fnc_toggleUI.sqfc"
2024-11-10T21:17:29.229595Z TRACE ThreadId(01) adding file "functions\\fnc_mouseHandler.sqf"
2024-11-10T21:17:29.229911Z TRACE ThreadId(01) adding file "functions\\fnc_updateGroupCache.sqf"
2024-11-10T21:17:29.230076Z TRACE ThreadId(01) adding file "functions\\fnc_drawMap.sqfc"
2024-11-10T21:17:29.230088Z TRACE ThreadId(01) adding file "functions\\fnc_updateKillList.sqfc"
2024-11-10T21:17:29.230096Z TRACE ThreadId(01) adding file "functions\\fnc_menuHandler.sqfc"
2024-11-10T21:17:29.230105Z TRACE ThreadId(01) adding file "functions\\fnc_getGroupClusters.sqfc"
2024-11-10T21:17:29.230113Z TRACE ThreadId(01) adding file "functions\\fnc_createUnitNode.sqfc"
2024-11-10T21:17:29.230284Z TRACE ThreadId(01) adding file "functions\\fnc_drawGroupMarker.sqf"
2024-11-10T21:17:29.230598Z TRACE ThreadId(01) adding file "functions\\fnc_onMapClick.sqf"
2024-11-10T21:17:29.230912Z TRACE ThreadId(01) adding file "functions\\fnc_createVehicleControl.sqf"
2024-11-10T21:17:29.231075Z TRACE ThreadId(01) adding file "functions\\fnc_getCameraPos.sqfc"
2024-11-10T21:17:29.231239Z TRACE ThreadId(01) adding file "functions\\fnc_onScreen.sqf"
2024-11-10T21:17:29.231552Z TRACE ThreadId(01) adding file "functions\\fnc_createUnitControl.sqf"
2024-11-10T21:17:29.231866Z TRACE ThreadId(01) adding file "functions\\fnc_getCardinal.sqf"
2024-11-10T21:17:29.232183Z TRACE ThreadId(01) adding file "functions\\fnc_setTarget.sqf"
2024-11-10T21:17:29.232503Z TRACE ThreadId(01) adding file "functions\\fnc_onEntityKilled.sqf"
2024-11-10T21:17:29.232817Z TRACE ThreadId(01) adding file "functions\\fnc_onChange.sqf"
2024-11-10T21:17:29.233129Z TRACE ThreadId(01) adding file "functions\\fnc_menuHandler.sqf"
2024-11-10T21:17:29.233444Z TRACE ThreadId(01) adding file "functions\\fnc_createGroupNode.sqf"
2024-11-10T21:17:29.233760Z TRACE ThreadId(01) adding file "functions\\fnc_getGroupClusters.sqf"
2024-11-10T21:17:29.233921Z TRACE ThreadId(01) adding file "functions\\fnc_onMapClick.sqfc"
2024-11-10T21:17:29.234089Z TRACE ThreadId(01) adding file "functions\\fnc_drawMap.sqf"
2024-11-10T21:17:29.234402Z TRACE ThreadId(01) adding file "functions\\fnc_drawVehicleMarker.sqf"
2024-11-10T21:17:29.234718Z TRACE ThreadId(01) adding file "functions\\fnc_toggleUI.sqf"
2024-11-10T21:17:29.235030Z TRACE ThreadId(01) adding file "functions\\fnc_controlSetText.sqf"
2024-11-10T21:17:29.235342Z TRACE ThreadId(01) adding file "functions\\fnc_handleUnitList.sqf"
2024-11-10T21:17:29.235506Z TRACE ThreadId(01) adding file "functions\\fnc_drawTags.sqfc"
2024-11-10T21:17:29.235517Z TRACE ThreadId(01) adding file "functions\\fnc_createUnitControl.sqfc"
2024-11-10T21:17:29.235569Z TRACE ThreadId(01) adding file "functions\\fnc_controlSetPicture.sqfc"
2024-11-10T21:17:29.235579Z TRACE ThreadId(01) adding file "functions\\fnc_handleCamera.sqfc"
2024-11-10T21:17:29.235588Z TRACE ThreadId(01) adding file "functions\\fnc_onLoad.sqfc"
2024-11-10T21:17:29.235597Z TRACE ThreadId(01) adding file "functions\\fnc_drawGroupMarker.sqfc"
2024-11-10T21:17:29.235605Z TRACE ThreadId(01) adding file "functions\\fnc_processData.sqfc"
2024-11-10T21:17:29.235613Z TRACE ThreadId(01) adding file "functions\\fnc_onEntityKilled.sqfc"
2024-11-10T21:17:29.235621Z TRACE ThreadId(01) adding file "functions\\fnc_setTarget.sqfc"
2024-11-10T21:17:29.235630Z TRACE ThreadId(01) adding file "functions\\fnc_controlSetText.sqfc"
2024-11-10T21:17:29.235638Z TRACE ThreadId(01) adding file "functions\\fnc_handleUnitList.sqfc"
2024-11-10T21:17:29.235811Z TRACE ThreadId(01) adding file "functions\\fnc_onLoad.sqf"
2024-11-10T21:17:29.235973Z TRACE ThreadId(01) adding file "functions\\fnc_isOpen.sqfc"
2024-11-10T21:17:29.235985Z TRACE ThreadId(01) adding file "functions\\fnc_zeusUnload.sqfc"
2024-11-10T21:17:29.236151Z TRACE ThreadId(01) adding file "functions\\fnc_perFrameHandler.sqf"
2024-11-10T21:17:29.236464Z TRACE ThreadId(01) adding file "functions\\fnc_drawTags.sqf"
2024-11-10T21:17:29.236623Z TRACE ThreadId(01) adding file "functions\\fnc_onFired.sqfc"
2024-11-10T21:17:29.236792Z TRACE ThreadId(01) adding file "functions\\fnc_updateKillList.sqf"
2024-11-10T21:17:29.236953Z TRACE ThreadId(01) adding file "functions\\fnc_updateGroupCache.sqfc"
2024-11-10T21:17:29.236965Z TRACE ThreadId(01) adding file "functions\\fnc_createGroupControl.sqfc"
2024-11-10T21:17:29.237129Z TRACE ThreadId(01) adding file "functions\\fnc_drawUnitMarker.sqf"
2024-11-10T21:17:29.237442Z TRACE ThreadId(01) adding file "images\\grenade.paa"
2024-11-10T21:17:29.241897Z TRACE ThreadId(01) adding file "images\\flag_civil_empty_ca_64.paa"
2024-11-10T21:17:29.246613Z TRACE ThreadId(01) adding file "images\\smokegrenade.paa"
2024-11-10T21:17:29.250453Z TRACE ThreadId(01) adding file "images\\missile.paa"
2024-11-10T21:17:29.255963Z DEBUG ThreadId(01) "G:\\dev\\TMF\\.hemttout\\build\\addons" already exists
2024-11-10T21:17:29.255972Z DEBUG ThreadId(01) building "addons/teamcolour" => "G:\\dev\\TMF\\.hemttout\\build\\addons\\tmf_teamcolour.pbo"
2024-11-10T21:17:29.257134Z TRACE ThreadId(01) adding file "CfgEventHandlers.hpp"
2024-11-10T21:17:29.258085Z TRACE ThreadId(01) adding file "script_component.hpp"
2024-11-10T21:17:29.258244Z TRACE ThreadId(01) adding file "config.bin"
2024-11-10T21:17:29.258406Z TRACE ThreadId(01) adding file "Cfg3DEN.hpp"
2024-11-10T21:17:29.259055Z DEBUG ThreadId(01) "G:\\dev\\TMF\\.hemttout\\build\\addons" already exists
2024-11-10T21:17:29.259066Z DEBUG ThreadId(01) building "addons/teleport" => "G:\\dev\\TMF\\.hemttout\\build\\addons\\tmf_teleport.pbo"
2024-11-10T21:17:29.262239Z TRACE ThreadId(01) adding file "XEH_preStart.sqfc"
2024-11-10T21:17:29.262416Z TRACE ThreadId(01) adding file "XEH_preInit.sqf"
2024-11-10T21:17:29.262729Z TRACE ThreadId(01) adding file "XEH_PREP.hpp"
2024-11-10T21:17:29.263044Z TRACE ThreadId(01) adding file "CfgEventHandlers.hpp"
2024-11-10T21:17:29.263358Z TRACE ThreadId(01) adding file "CfgModules.hpp"
2024-11-10T21:17:29.263668Z TRACE ThreadId(01) adding file "XEH_preStart.sqf"
2024-11-10T21:17:29.263829Z TRACE ThreadId(01) adding file "XEH_preInit.sqfc"
2024-11-10T21:17:29.263991Z TRACE ThreadId(01) adding file "script_component.hpp"
2024-11-10T21:17:29.264153Z TRACE ThreadId(01) adding file "config.bin"
2024-11-10T21:17:29.264814Z TRACE ThreadId(01) adding file "functions\\fnc_serverInit.sqfc"
2024-11-10T21:17:29.264985Z TRACE ThreadId(01) adding file "functions\\fnc_deployInit.sqf"
2024-11-10T21:17:29.265297Z TRACE ThreadId(01) adding file "functions\\fnc_init.sqf"
2024-11-10T21:17:29.265613Z TRACE ThreadId(01) adding file "functions\\fnc_paradropEffect.sqf"
2024-11-10T21:17:29.265927Z TRACE ThreadId(01) adding file "functions\\fnc_paradropWaypoint.sqf"
2024-11-10T21:17:29.266091Z TRACE ThreadId(01) adding file "functions\\fnc_paraDrop.sqfc"
2024-11-10T21:17:29.266105Z TRACE ThreadId(01) adding file "functions\\fnc_paradropEffect.sqfc"
2024-11-10T21:17:29.266268Z TRACE ThreadId(01) adding file "functions\\fnc_paraDrop.sqf"
2024-11-10T21:17:29.266428Z TRACE ThreadId(01) adding file "functions\\fnc_onAction.sqfc"
2024-11-10T21:17:29.266595Z TRACE ThreadId(01) adding file "functions\\fnc_playerInit.sqf"
2024-11-10T21:17:29.266755Z TRACE ThreadId(01) adding file "functions\\fnc_playerInit.sqfc"
2024-11-10T21:17:29.266766Z TRACE ThreadId(01) adding file "functions\\fnc_paradropWaypoint.sqfc"
2024-11-10T21:17:29.266927Z TRACE ThreadId(01) adding file "functions\\fnc_onAction.sqf"
2024-11-10T21:17:29.267085Z TRACE ThreadId(01) adding file "functions\\fnc_init.sqfc"
2024-11-10T21:17:29.267096Z TRACE ThreadId(01) adding file "functions\\fnc_deployInit.sqfc"
2024-11-10T21:17:29.267259Z TRACE ThreadId(01) adding file "functions\\fnc_serverInit.sqf"
2024-11-10T21:17:29.268977Z DEBUG ThreadId(01) "G:\\dev\\TMF\\.hemttout\\build\\addons" already exists
2024-11-10T21:17:29.268986Z DEBUG ThreadId(01) building "addons/zeus" => "G:\\dev\\TMF\\.hemttout\\build\\addons\\tmf_zeus.pbo"
2024-11-10T21:17:29.271779Z TRACE ThreadId(01) adding file "config.bin"
2024-11-10T21:17:29.272099Z TRACE ThreadId(01) adding file "script_component.hpp"
2024-11-10T21:17:29.272412Z TRACE ThreadId(01) adding file "CfgEventHandlers.hpp"
2024-11-10T21:17:29.272721Z TRACE ThreadId(01) adding file "XEH_preInit.sqf"
2024-11-10T21:17:29.272878Z TRACE ThreadId(01) adding file "XEH_preStart.sqfc"
2024-11-10T21:17:29.273041Z TRACE ThreadId(01) adding file "RscDisplayCurator.hpp"
2024-11-10T21:17:29.273202Z TRACE ThreadId(01) adding file "XEH_preInit.sqfc"
2024-11-10T21:17:29.273865Z TRACE ThreadId(01) adding file "XEH_preStart.sqf"
2024-11-10T21:17:29.274174Z TRACE ThreadId(01) adding file "XEH_PREP.hpp"
2024-11-10T21:17:29.274335Z TRACE ThreadId(01) adding file "functions\\fnc_openedZeus.sqfc"
2024-11-10T21:17:29.274347Z TRACE ThreadId(01) adding file "functions\\fnc_toggleACRESpectator.sqfc"
2024-11-10T21:17:29.274355Z TRACE ThreadId(01) adding file "functions\\fnc_toggleAllUnitsZeusServer.sqfc"
2024-11-10T21:17:29.274364Z TRACE ThreadId(01) adding file "functions\\fnc_openedZeusServer.sqfc"
2024-11-10T21:17:29.274372Z TRACE ThreadId(01) adding file "functions\\fnc_toggleAllStaticsZeusServer.sqfc"
2024-11-10T21:17:29.274555Z TRACE ThreadId(01) adding file "functions\\fnc_toggleAllUnitsZeus.sqf"
2024-11-10T21:17:29.274880Z TRACE ThreadId(01) adding file "functions\\fnc_toggleAllUnitsZeusServer.sqf"
2024-11-10T21:17:29.275195Z TRACE ThreadId(01) adding file "functions\\fnc_toggleAllStaticsZeus.sqf"
2024-11-10T21:17:29.275506Z TRACE ThreadId(01) adding file "functions\\fnc_toggleAllStaticsZeusServer.sqf"
2024-11-10T21:17:29.275670Z TRACE ThreadId(01) adding file "functions\\fnc_toggleAllStaticsZeus.sqfc"
2024-11-10T21:17:29.275835Z TRACE ThreadId(01) adding file "functions\\fnc_openedZeusServer.sqf"
2024-11-10T21:17:29.276146Z TRACE ThreadId(01) adding file "functions\\fnc_toggleACRESpectator.sqf"
2024-11-10T21:17:29.276307Z TRACE ThreadId(01) adding file "functions\\fnc_toggleAllUnitsZeus.sqfc"
2024-11-10T21:17:29.276471Z TRACE ThreadId(01) adding file "functions\\fnc_openedZeus.sqf"
2024-11-10T21:17:29.277550Z  INFO ThreadId(01) Built 19 PBOs
2024-11-10T21:17:29.277563Z TRACE ThreadId(01) phase: build (done)
2024-11-10T21:17:29.277620Z TRACE ThreadId(01) phase: post_build (BOM Check) (start)
2024-11-10T21:17:29.277624Z TRACE ThreadId(01) phase: post_build (BOM Check) (done)
2024-11-10T21:17:29.277627Z TRACE ThreadId(01) phase: post_build (Hooks) (start)
2024-11-10T21:17:29.277630Z TRACE ThreadId(01) phase: post_build (Hooks) (done)
2024-11-10T21:17:29.277633Z TRACE ThreadId(01) phase: post_build (Stringtables) (start)
2024-11-10T21:17:29.277635Z TRACE ThreadId(01) phase: post_build (Stringtables) (done)
2024-11-10T21:17:29.277638Z TRACE ThreadId(01) phase: post_build (SQF) (start)
2024-11-10T21:17:29.277646Z TRACE ThreadId(01) phase: post_build (SQF) (done)
2024-11-10T21:17:29.277650Z TRACE ThreadId(01) phase: post_build (Rapifier) (start)
2024-11-10T21:17:29.277653Z TRACE ThreadId(01) phase: post_build (Rapifier) (done)
2024-11-10T21:17:29.277656Z TRACE ThreadId(01) phase: post_build (Binarize) (start)
2024-11-10T21:17:29.277658Z TRACE ThreadId(01) phase: post_build (Binarize) (done)
2024-11-10T21:17:29.277661Z TRACE ThreadId(01) phase: post_build (Files) (start)
2024-11-10T21:17:30.025934Z DEBUG ThreadId(01) copying "/mod.cpp" => "G:\\dev\\TMF\\.hemttout\\build\\mod.cpp"
2024-11-10T21:17:30.032057Z  INFO ThreadId(01) Copied 1 files
2024-11-10T21:17:30.032072Z TRACE ThreadId(01) phase: post_build (Files) (done)
2024-11-10T21:17:31.448172Z TRACE ThreadId(01) writing ci annotations to .hemttout/ci_annotations.txt
2024-11-10T21:17:32.518717Z TRACE ThreadId(01) wrote 10910 ci annotations to .hemttout/ci_annotations.txt
